,track_title,album_title
0,For Those About To Rock (We Salute You),For Those About To Rock We Salute You
1,Balls to the Wall,Balls to the Wall
2,Fast As a Shark,Restless and Wild
3,Restless and Wild,Restless and Wild
4,Princess of the Dawn,Restless and Wild
5,Put The Finger On You,For Those About To Rock We Salute You
6,Let's Get It Up,For Those About To Rock We Salute You
7,Inject The Venom,For Those About To Rock We Salute You
8,Snowballed,For Those About To Rock We Salute You
9,Evil Walks,For Those About To Rock We Salute You
10,C.O.D.,For Those About To Rock We Salute You
11,Breaking The Rules,For Those About To Rock We Salute You
12,Night Of The Long Knives,For Those About To Rock We Salute You
13,Spellbound,For Those About To Rock We Salute You
14,Go Down,Let There Be Rock
15,Dog Eat Dog,Let There Be Rock
16,Let There Be Rock,Let There Be Rock
17,Bad Boy Boogie,Let There Be Rock
18,Problem Child,Let There Be Rock
19,Overdose,Let There Be Rock
20,Hell Ain't A Bad Place To Be,Let There Be Rock
21,Whole Lotta Rosie,Let There Be Rock
22,Walk On Water,Big Ones
23,Love In An Elevator,Big Ones
24,Rag Doll,Big Ones
25,What It Takes,Big Ones
26,Dude (Looks Like A Lady),Big Ones
27,Janie's Got A Gun,Big Ones
28,Cryin',Big Ones
29,Amazing,Big Ones
30,Blind Man,Big Ones
31,Deuces Are Wild,Big Ones
32,The Other Side,Big Ones
33,Crazy,Big Ones
34,Eat The Rich,Big Ones
35,Angel,Big Ones
36,Livin' On The Edge,Big Ones
37,All I Really Want,Jagged Little Pill
38,You Oughta Know,Jagged Little Pill
39,Perfect,Jagged Little Pill
40,Hand In My Pocket,Jagged Little Pill
41,Right Through You,Jagged Little Pill
42,Forgiven,Jagged Little Pill
43,You Learn,Jagged Little Pill
44,Head Over Feet,Jagged Little Pill
45,Mary Jane,Jagged Little Pill
46,Ironic,Jagged Little Pill
47,Not The Doctor,Jagged Little Pill
48,Wake Up,Jagged Little Pill
49,You Oughta Know (Alternate),Jagged Little Pill
50,We Die Young,Facelift
51,Man In The Box,Facelift
52,Sea Of Sorrow,Facelift
53,Bleed The Freak,Facelift
54,I Can't Remember,Facelift
55,"Love, Hate, Love",Facelift
56,It Ain't Like That,Facelift
57,Sunshine,Facelift
58,Put You Down,Facelift
59,Confusion,Facelift
60,I Know Somethin (Bout You),Facelift
61,Real Thing,Facelift
62,Desafinado,Warner 25 Anos
63,Garota De Ipanema,Warner 25 Anos
64,Samba De Uma Nota Só (One Note Samba),Warner 25 Anos
65,Por Causa De Você,Warner 25 Anos
66,Ligia,Warner 25 Anos
67,Fotografia,Warner 25 Anos
68,Dindi (Dindi),Warner 25 Anos
69,Se Todos Fossem Iguais A Você (Instrumental),Warner 25 Anos
70,Falando De Amor,Warner 25 Anos
71,Angela,Warner 25 Anos
72,Corcovado (Quiet Nights Of Quiet Stars),Warner 25 Anos
73,Outra Vez,Warner 25 Anos
74,O Boto (Bôto),Warner 25 Anos
75,"Canta, Canta Mais",Warner 25 Anos
76,Enter Sandman,Plays Metallica By Four Cellos
77,Master Of Puppets,Plays Metallica By Four Cellos
78,Harvester Of Sorrow,Plays Metallica By Four Cellos
79,The Unforgiven,Plays Metallica By Four Cellos
80,Sad But True,Plays Metallica By Four Cellos
81,Creeping Death,Plays Metallica By Four Cellos
82,Wherever I May Roam,Plays Metallica By Four Cellos
83,Welcome Home (Sanitarium),Plays Metallica By Four Cellos
84,Cochise,Audioslave
85,Show Me How to Live,Audioslave
86,Gasoline,Audioslave
87,What You Are,Audioslave
88,Like a Stone,Audioslave
89,Set It Off,Audioslave
90,Shadow on the Sun,Audioslave
91,I am the Highway,Audioslave
92,Exploder,Audioslave
93,Hypnotize,Audioslave
94,Bring'em Back Alive,Audioslave
95,Light My Way,Audioslave
96,Getaway Car,Audioslave
97,The Last Remaining Light,Audioslave
98,Your Time Has Come,Out Of Exile
99,Out Of Exile,Out Of Exile
100,Be Yourself,Out Of Exile
101,Doesn't Remind Me,Out Of Exile
102,Drown Me Slowly,Out Of Exile
103,Heaven's Dead,Out Of Exile
104,The Worm,Out Of Exile
105,Man Or Animal,Out Of Exile
106,Yesterday To Tomorrow,Out Of Exile
107,Dandelion,Out Of Exile
108,#1 Zero,Out Of Exile
109,The Curse,Out Of Exile
110,Money,BackBeat Soundtrack
111,Long Tall Sally,BackBeat Soundtrack
112,Bad Boy,BackBeat Soundtrack
113,Twist And Shout,BackBeat Soundtrack
114,Please Mr. Postman,BackBeat Soundtrack
115,C'Mon Everybody,BackBeat Soundtrack
116,Rock 'N' Roll Music,BackBeat Soundtrack
117,Slow Down,BackBeat Soundtrack
118,Roadrunner,BackBeat Soundtrack
119,Carol,BackBeat Soundtrack
120,Good Golly Miss Molly,BackBeat Soundtrack
121,20 Flight Rock,BackBeat Soundtrack
122,Quadrant,The Best Of Billy Cobham
123,Snoopy's search-Red baron,The Best Of Billy Cobham
124,"Spanish moss-""A sound portrait""-Spanish moss",The Best Of Billy Cobham
125,Moon germs,The Best Of Billy Cobham
126,Stratus,The Best Of Billy Cobham
127,The pleasant pheasant,The Best Of Billy Cobham
128,Solo-Panhandler,The Best Of Billy Cobham
129,Do what cha wanna,The Best Of Billy Cobham
130,Intro/ Low Down,Alcohol Fueled Brewtality Live! [Disc 1]
131,13 Years Of Grief,Alcohol Fueled Brewtality Live! [Disc 1]
132,Stronger Than Death,Alcohol Fueled Brewtality Live! [Disc 1]
133,All For You,Alcohol Fueled Brewtality Live! [Disc 1]
134,Super Terrorizer,Alcohol Fueled Brewtality Live! [Disc 1]
135,Phoney Smile Fake Hellos,Alcohol Fueled Brewtality Live! [Disc 1]
136,Lost My Better Half,Alcohol Fueled Brewtality Live! [Disc 1]
137,Bored To Tears,Alcohol Fueled Brewtality Live! [Disc 1]
138,A.N.D.R.O.T.A.Z.,Alcohol Fueled Brewtality Live! [Disc 1]
139,Born To Booze,Alcohol Fueled Brewtality Live! [Disc 1]
140,World Of Trouble,Alcohol Fueled Brewtality Live! [Disc 1]
141,No More Tears,Alcohol Fueled Brewtality Live! [Disc 1]
142,The Begining... At Last,Alcohol Fueled Brewtality Live! [Disc 1]
143,Heart Of Gold,Alcohol Fueled Brewtality Live! [Disc 2]
144,Snowblind,Alcohol Fueled Brewtality Live! [Disc 2]
145,Like A Bird,Alcohol Fueled Brewtality Live! [Disc 2]
146,Blood In The Wall,Alcohol Fueled Brewtality Live! [Disc 2]
147,The Beginning...At Last,Alcohol Fueled Brewtality Live! [Disc 2]
148,Black Sabbath,Black Sabbath
149,The Wizard,Black Sabbath
150,Behind The Wall Of Sleep,Black Sabbath
151,N.I.B.,Black Sabbath
152,Evil Woman,Black Sabbath
153,Sleeping Village,Black Sabbath
154,Warning,Black Sabbath
155,Wheels Of Confusion / The Straightener,Black Sabbath Vol. 4 (Remaster)
156,Tomorrow's Dream,Black Sabbath Vol. 4 (Remaster)
157,Changes,Black Sabbath Vol. 4 (Remaster)
158,FX,Black Sabbath Vol. 4 (Remaster)
159,Supernaut,Black Sabbath Vol. 4 (Remaster)
160,Snowblind,Black Sabbath Vol. 4 (Remaster)
161,Cornucopia,Black Sabbath Vol. 4 (Remaster)
162,Laguna Sunrise,Black Sabbath Vol. 4 (Remaster)
163,St. Vitus Dance,Black Sabbath Vol. 4 (Remaster)
164,Under The Sun/Every Day Comes and Goes,Black Sabbath Vol. 4 (Remaster)
165,Smoked Pork,Body Count
166,Body Count's In The House,Body Count
167,Now Sports,Body Count
168,Body Count,Body Count
169,A Statistic,Body Count
170,Bowels Of The Devil,Body Count
171,The Real Problem,Body Count
172,KKK Bitch,Body Count
173,D Note,Body Count
174,Voodoo,Body Count
175,The Winner Loses,Body Count
176,There Goes The Neighborhood,Body Count
177,Oprah,Body Count
178,Evil Dick,Body Count
179,Body Count Anthem,Body Count
180,Momma's Gotta Die Tonight,Body Count
181,Freedom Of Speech,Body Count
182,King In Crimson,Chemical Wedding
183,Chemical Wedding,Chemical Wedding
184,The Tower,Chemical Wedding
185,Killing Floor,Chemical Wedding
186,Book Of Thel,Chemical Wedding
187,Gates Of Urizen,Chemical Wedding
188,Jerusalem,Chemical Wedding
189,Trupets Of Jericho,Chemical Wedding
190,Machine Men,Chemical Wedding
191,The Alchemist,Chemical Wedding
192,Realword,Chemical Wedding
193,First Time I Met The Blues,The Best Of Buddy Guy - The Millenium Collection
194,Let Me Love You Baby,The Best Of Buddy Guy - The Millenium Collection
195,Stone Crazy,The Best Of Buddy Guy - The Millenium Collection
196,Pretty Baby,The Best Of Buddy Guy - The Millenium Collection
197,When My Left Eye Jumps,The Best Of Buddy Guy - The Millenium Collection
198,Leave My Girl Alone,The Best Of Buddy Guy - The Millenium Collection
199,She Suits Me To A Tee,The Best Of Buddy Guy - The Millenium Collection
200,Keep It To Myself (Aka Keep It To Yourself),The Best Of Buddy Guy - The Millenium Collection
201,My Time After Awhile,The Best Of Buddy Guy - The Millenium Collection
202,Too Many Ways (Alternate),The Best Of Buddy Guy - The Millenium Collection
203,Talkin' 'Bout Women Obviously,The Best Of Buddy Guy - The Millenium Collection
204,Jorge Da Capadócia,Prenda Minha
205,Prenda Minha,Prenda Minha
206,Meditação,Prenda Minha
207,Terra,Prenda Minha
208,Eclipse Oculto,Prenda Minha
209,"Texto ""Verdade Tropical""",Prenda Minha
210,Bem Devagar,Prenda Minha
211,Drão,Prenda Minha
212,Saudosismo,Prenda Minha
213,Carolina,Prenda Minha
214,Sozinho,Prenda Minha
215,Esse Cara,Prenda Minha
216,Mel,Prenda Minha
217,Linha Do Equador,Prenda Minha
218,Odara,Prenda Minha
219,A Luz De Tieta,Prenda Minha
220,Atrás Da Verd-E-Rosa Só Não Vai Quem Já Morreu,Prenda Minha
221,Vida Boa,Prenda Minha
222,Sozinho (Hitmakers Classic Mix),Sozinho Remix Ao Vivo
223,Sozinho (Hitmakers Classic Radio Edit),Sozinho Remix Ao Vivo
224,Sozinho (Caêdrum 'n' Bass),Sozinho Remix Ao Vivo
225,Carolina,Minha Historia
226,Essa Moça Ta Diferente,Minha Historia
227,Vai Passar,Minha Historia
228,Samba De Orly,Minha Historia
229,"Bye, Bye Brasil",Minha Historia
230,Atras Da Porta,Minha Historia
231,Tatuagem,Minha Historia
232,O Que Será (À Flor Da Terra),Minha Historia
233,Morena De Angola,Minha Historia
234,Apesar De Você,Minha Historia
235,A Banda,Minha Historia
236,Minha Historia,Minha Historia
237,Com Açúcar E Com Afeto,Minha Historia
238,Brejo Da Cruz,Minha Historia
239,Meu Caro Amigo,Minha Historia
240,Geni E O Zepelim,Minha Historia
241,Trocando Em Miúdos,Minha Historia
242,Vai Trabalhar Vagabundo,Minha Historia
243,Gota D'água,Minha Historia
244,Construção / Deus Lhe Pague,Minha Historia
245,Mateus Enter,Afrociberdelia
246,O Cidadão Do Mundo,Afrociberdelia
247,Etnia,Afrociberdelia
248,Quilombo Groove [Instrumental],Afrociberdelia
249,Macô,Afrociberdelia
250,Um Passeio No Mundo Livre,Afrociberdelia
251,Samba Do Lado,Afrociberdelia
252,Maracatu Atômico,Afrociberdelia
253,O Encontro De Isaac Asimov Com Santos Dumont No Céu,Afrociberdelia
254,Corpo De Lama,Afrociberdelia
255,Sobremesa,Afrociberdelia
256,Manguetown,Afrociberdelia
257,Um Satélite Na Cabeça,Afrociberdelia
258,Baião Ambiental [Instrumental],Afrociberdelia
259,Sangue De Bairro,Afrociberdelia
260,Enquanto O Mundo Explode,Afrociberdelia
261,Interlude Zumbi,Afrociberdelia
262,Criança De Domingo,Afrociberdelia
263,Amor De Muito,Afrociberdelia
264,Samidarish [Instrumental],Afrociberdelia
265,Maracatu Atômico [Atomic Version],Afrociberdelia
266,Maracatu Atômico [Ragga Mix],Afrociberdelia
267,Maracatu Atômico [Trip Hop],Afrociberdelia
268,Banditismo Por Uma Questa,Da Lama Ao Caos
269,Banditismo Por Uma Questa,Da Lama Ao Caos
270,Rios Pontes & Overdrives,Da Lama Ao Caos
271,Cidade,Da Lama Ao Caos
272,Praiera,Da Lama Ao Caos
273,Samba Makossa,Da Lama Ao Caos
274,Da Lama Ao Caos,Da Lama Ao Caos
275,Maracatu De Tiro Certeiro,Da Lama Ao Caos
276,Salustiano Song,Da Lama Ao Caos
277,Antene Se,Da Lama Ao Caos
278,Risoflora,Da Lama Ao Caos
279,Lixo Do Mangue,Da Lama Ao Caos
280,Computadores Fazem Arte,Da Lama Ao Caos
281,Girassol,Acústico MTV [Live]
282,A Sombra Da Maldade,Acústico MTV [Live]
283,Johnny B. Goode,Acústico MTV [Live]
284,Soldado Da Paz,Acústico MTV [Live]
285,Firmamento,Acústico MTV [Live]
286,Extra,Acústico MTV [Live]
287,O Erê,Acústico MTV [Live]
288,Podes Crer,Acústico MTV [Live]
289,A Estrada,Acústico MTV [Live]
290,Berlim,Acústico MTV [Live]
291,Já Foi,Acústico MTV [Live]
292,Onde Você Mora?,Acústico MTV [Live]
293,Pensamento,Acústico MTV [Live]
294,Conciliação,Acústico MTV [Live]
295,Realidade Virtual,Acústico MTV [Live]
296,Mensagem,Acústico MTV [Live]
297,A Cor Do Sol,Acústico MTV [Live]
298,Onde Você Mora?,Cidade Negra - Hits
299,O Erê,Cidade Negra - Hits
300,A Sombra Da Maldade,Cidade Negra - Hits
301,A Estrada,Cidade Negra - Hits
302,Falar A Verdade,Cidade Negra - Hits
303,Firmamento,Cidade Negra - Hits
304,Pensamento,Cidade Negra - Hits
305,Realidade Virtual,Cidade Negra - Hits
306,Doutor,Cidade Negra - Hits
307,Na Frente Da TV,Cidade Negra - Hits
308,Downtown,Cidade Negra - Hits
309,Sábado A Noite,Cidade Negra - Hits
310,A Cor Do Sol,Cidade Negra - Hits
311,Eu Também Quero Beijar,Cidade Negra - Hits
312,Noite Do Prazer,Na Pista
313,À Francesa,Na Pista
314,Cada Um Cada Um (A Namoradeira),Na Pista
315,Linha Do Equador,Na Pista
316,Amor Demais,Na Pista
317,Férias,Na Pista
318,Gostava Tanto De Você,Na Pista
319,Flor Do Futuro,Na Pista
320,Felicidade Urgente,Na Pista
321,Livre Pra Viver,Na Pista
322,"Dig-Dig, Lambe-Lambe (Ao Vivo)",Axé Bahia 2001
323,Pererê,Axé Bahia 2001
324,TriboTchan,Axé Bahia 2001
325,"Tapa Aqui, Descobre Ali",Axé Bahia 2001
326,Daniela,Axé Bahia 2001
327,Bate Lata,Axé Bahia 2001
328,Garotas do Brasil,Axé Bahia 2001
329,Levada do Amor (Ailoviu),Axé Bahia 2001
330,Lavadeira,Axé Bahia 2001
331,Reboladeira,Axé Bahia 2001
332,É que Nessa Encarnação Eu Nasci Manga,Axé Bahia 2001
333,Reggae Tchan,Axé Bahia 2001
334,My Love,Axé Bahia 2001
335,Latinha de Cerveja,Axé Bahia 2001
336,You Shook Me,BBC Sessions [Disc 1] [Live]
337,I Can't Quit You Baby,BBC Sessions [Disc 1] [Live]
338,Communication Breakdown,BBC Sessions [Disc 1] [Live]
339,Dazed and Confused,BBC Sessions [Disc 1] [Live]
340,The Girl I Love She Got Long Black Wavy Hair,BBC Sessions [Disc 1] [Live]
341,What is and Should Never Be,BBC Sessions [Disc 1] [Live]
342,Communication Breakdown(2),BBC Sessions [Disc 1] [Live]
343,Travelling Riverside Blues,BBC Sessions [Disc 1] [Live]
344,Whole Lotta Love,BBC Sessions [Disc 1] [Live]
345,Somethin' Else,BBC Sessions [Disc 1] [Live]
346,Communication Breakdown(3),BBC Sessions [Disc 1] [Live]
347,I Can't Quit You Baby(2),BBC Sessions [Disc 1] [Live]
348,You Shook Me(2),BBC Sessions [Disc 1] [Live]
349,How Many More Times,BBC Sessions [Disc 1] [Live]
350,Debra Kadabra,Bongo Fury
351,Carolina Hard-Core Ecstasy,Bongo Fury
352,Sam With The Showing Scalp Flat Top,Bongo Fury
353,Poofter's Froth Wyoming Plans Ahead,Bongo Fury
354,200 Years Old,Bongo Fury
355,Cucamonga,Bongo Fury
356,Advance Romance,Bongo Fury
357,Man With The Woman Head,Bongo Fury
358,Muffin Man,Bongo Fury
359,Vai-Vai 2001,Carnaval 2001
360,X-9 2001,Carnaval 2001
361,Gavioes 2001,Carnaval 2001
362,Nene 2001,Carnaval 2001
363,Rosas De Ouro 2001,Carnaval 2001
364,Mocidade Alegre 2001,Carnaval 2001
365,Camisa Verde 2001,Carnaval 2001
366,Leandro De Itaquera 2001,Carnaval 2001
367,Tucuruvi 2001,Carnaval 2001
368,Aguia De Ouro 2001,Carnaval 2001
369,Ipiranga 2001,Carnaval 2001
370,Morro Da Casa Verde 2001,Carnaval 2001
371,Perola Negra 2001,Carnaval 2001
372,Sao Lucas 2001,Carnaval 2001
373,Guanabara,Chill: Brazil (Disc 1)
374,Mas Que Nada,Chill: Brazil (Disc 1)
375,Vôo Sobre o Horizonte,Chill: Brazil (Disc 1)
376,A Paz,Chill: Brazil (Disc 1)
377,Wave (Vou te Contar),Chill: Brazil (Disc 1)
378,Água de Beber,Chill: Brazil (Disc 1)
379,Samba da Bençaco,Chill: Brazil (Disc 1)
380,Pode Parar,Chill: Brazil (Disc 1)
381,Menino do Rio,Chill: Brazil (Disc 1)
382,Ando Meio Desligado,Chill: Brazil (Disc 1)
383,Mistério da Raça,Chill: Brazil (Disc 1)
384,All Star,Chill: Brazil (Disc 1)
385,Menina Bonita,Chill: Brazil (Disc 1)
386,Pescador de Ilusões,Chill: Brazil (Disc 1)
387,À Vontade (Live Mix),Chill: Brazil (Disc 1)
388,Maria Fumaça,Chill: Brazil (Disc 1)
389,Sambassim (dj patife remix),Chill: Brazil (Disc 1)
390,Garota De Ipanema,Chill: Brazil (Disc 2)
391,Tim Tim Por Tim Tim,Chill: Brazil (Disc 2)
392,Tarde Em Itapoã,Chill: Brazil (Disc 2)
393,Tanto Tempo,Chill: Brazil (Disc 2)
394,Eu Vim Da Bahia - Live,Chill: Brazil (Disc 2)
395,Alô Alô Marciano,Chill: Brazil (Disc 2)
396,Linha Do Horizonte,Chill: Brazil (Disc 2)
397,Only A Dream In Rio,Chill: Brazil (Disc 2)
398,Abrir A Porta,Chill: Brazil (Disc 2)
399,Alice,Chill: Brazil (Disc 2)
400,Momentos Que Marcam,Chill: Brazil (Disc 2)
401,Um Jantar Pra Dois,Chill: Brazil (Disc 2)
402,Bumbo Da Mangueira,Chill: Brazil (Disc 2)
403,Mr Funk Samba,Chill: Brazil (Disc 2)
404,Santo Antonio,Chill: Brazil (Disc 2)
405,Por Você,Chill: Brazil (Disc 2)
406,Só Tinha De Ser Com Você,Chill: Brazil (Disc 2)
407,Free Speech For The Dumb,Garage Inc. (Disc 1)
408,It's Electric,Garage Inc. (Disc 1)
409,Sabbra Cadabra,Garage Inc. (Disc 1)
410,Turn The Page,Garage Inc. (Disc 1)
411,Die Die My Darling,Garage Inc. (Disc 1)
412,Loverman,Garage Inc. (Disc 1)
413,Mercyful Fate,Garage Inc. (Disc 1)
414,Astronomy,Garage Inc. (Disc 1)
415,Whiskey In The Jar,Garage Inc. (Disc 1)
416,Tuesday's Gone,Garage Inc. (Disc 1)
417,The More I See,Garage Inc. (Disc 1)
418,A Kind Of Magic,Greatest Hits II
419,Under Pressure,Greatest Hits II
420,Radio GA GA,Greatest Hits II
421,I Want It All,Greatest Hits II
422,I Want To Break Free,Greatest Hits II
423,Innuendo,Greatest Hits II
424,It's A Hard Life,Greatest Hits II
425,Breakthru,Greatest Hits II
426,Who Wants To Live Forever,Greatest Hits II
427,Headlong,Greatest Hits II
428,The Miracle,Greatest Hits II
429,I'm Going Slightly Mad,Greatest Hits II
430,The Invisible Man,Greatest Hits II
431,Hammer To Fall,Greatest Hits II
432,Friends Will Be Friends,Greatest Hits II
433,The Show Must Go On,Greatest Hits II
434,One Vision,Greatest Hits II
435,Detroit Rock City,Greatest Kiss
436,Black Diamond,Greatest Kiss
437,Hard Luck Woman,Greatest Kiss
438,Sure Know Something,Greatest Kiss
439,Love Gun,Greatest Kiss
440,Deuce,Greatest Kiss
441,Goin' Blind,Greatest Kiss
442,Shock Me,Greatest Kiss
443,Do You Love Me,Greatest Kiss
444,She,Greatest Kiss
445,I Was Made For Loving You,Greatest Kiss
446,Shout It Out Loud,Greatest Kiss
447,God Of Thunder,Greatest Kiss
448,Calling Dr. Love,Greatest Kiss
449,Beth,Greatest Kiss
450,Strutter,Greatest Kiss
451,Rock And Roll All Nite,Greatest Kiss
452,Cold Gin,Greatest Kiss
453,Plaster Caster,Greatest Kiss
454,God Gave Rock 'n' Roll To You,Greatest Kiss
455,Heart of the Night,Heart of the Night
456,De La Luz,Heart of the Night
457,Westwood Moon,Heart of the Night
458,Midnight,Heart of the Night
459,Playtime,Heart of the Night
460,Surrender,Heart of the Night
461,Valentino's,Heart of the Night
462,Believe,Heart of the Night
463,As We Sleep,Heart of the Night
464,When Evening Falls,Heart of the Night
465,J Squared,Heart of the Night
466,Best Thing,Heart of the Night
467,Maria,International Superhits
468,Poprocks And Coke,International Superhits
469,Longview,International Superhits
470,Welcome To Paradise,International Superhits
471,Basket Case,International Superhits
472,When I Come Around,International Superhits
473,She,International Superhits
474,J.A.R. (Jason Andrew Relva),International Superhits
475,Geek Stink Breath,International Superhits
476,Brain Stew,International Superhits
477,Jaded,International Superhits
478,Walking Contradiction,International Superhits
479,Stuck With Me,International Superhits
480,Hitchin' A Ride,International Superhits
481,Good Riddance (Time Of Your Life),International Superhits
482,Redundant,International Superhits
483,Nice Guys Finish Last,International Superhits
484,Minority,International Superhits
485,Warning,International Superhits
486,Waiting,International Superhits
487,Macy's Day Parade,International Superhits
488,Into The Light,Into The Light
489,River Song,Into The Light
490,She Give Me ...,Into The Light
491,Don't You Cry,Into The Light
492,Love Is Blind,Into The Light
493,Slave,Into The Light
494,Cry For Love,Into The Light
495,Living On Love,Into The Light
496,Midnight Blue,Into The Light
497,Too Many Tears,Into The Light
498,Don't Lie To Me,Into The Light
499,Wherever You May Go,Into The Light
500,Grito De Alerta,Meus Momentos
501,Não Dá Mais Pra Segurar (Explode Coração),Meus Momentos
502,Começaria Tudo Outra Vez,Meus Momentos
503,O Que É O Que É ?,Meus Momentos
504,Sangrando,Meus Momentos
505,"Diga Lá, Coração",Meus Momentos
506,Lindo Lago Do Amor,Meus Momentos
507,Eu Apenas Queria Que Voçê Soubesse,Meus Momentos
508,Com A Perna No Mundo,Meus Momentos
509,E Vamos À Luta,Meus Momentos
510,Um Homem Também Chora (Guerreiro Menino),Meus Momentos
511,Comportamento Geral,Meus Momentos
512,Ponto De Interrogação,Meus Momentos
513,"Espere Por Mim, Morena",Meus Momentos
514,Meia-Lua Inteira,Minha Historia
515,Voce e Linda,Minha Historia
516,Um Indio,Minha Historia
517,Podres Poderes,Minha Historia
518,Voce Nao Entende Nada - Cotidiano,Minha Historia
519,O Estrangeiro,Minha Historia
520,Menino Do Rio,Minha Historia
521,Qualquer Coisa,Minha Historia
522,Sampa,Minha Historia
523,Queixa,Minha Historia
524,O Leaozinho,Minha Historia
525,Fora Da Ordem,Minha Historia
526,Terra,Minha Historia
527,"Alegria, Alegria",Minha Historia
528,Balada Do Louco,Minha História
529,Ando Meio Desligado,Minha História
530,Top Top,Minha História
531,Baby,Minha História
532,A E O Z,Minha História
533,Panis Et Circenses,Minha História
534,Chão De Estrelas,Minha História
535,Vida De Cachorro,Minha História
536,Bat Macumba,Minha História
537,Desculpe Babe,Minha História
538,Rita Lee,Minha História
539,"Posso Perder Minha Mulher, Minha Mãe, Desde Que Eu Tenha O Rock And Roll",Minha História
540,Banho De Lua,Minha História
541,Meu Refrigerador Não Funciona,Minha História
542,Burn,MK III The Final Concerts [Disc 1]
543,Stormbringer,MK III The Final Concerts [Disc 1]
544,Gypsy,MK III The Final Concerts [Disc 1]
545,Lady Double Dealer,MK III The Final Concerts [Disc 1]
546,Mistreated,MK III The Final Concerts [Disc 1]
547,Smoke On The Water,MK III The Final Concerts [Disc 1]
548,You Fool No One,MK III The Final Concerts [Disc 1]
549,Custard Pie,Physical Graffiti [Disc 1]
550,The Rover,Physical Graffiti [Disc 1]
551,In My Time Of Dying,Physical Graffiti [Disc 1]
552,Houses Of The Holy,Physical Graffiti [Disc 1]
553,Trampled Under Foot,Physical Graffiti [Disc 1]
554,Kashmir,Physical Graffiti [Disc 1]
555,Imperatriz,Sambas De Enredo 2001
556,Beija-Flor,Sambas De Enredo 2001
557,Viradouro,Sambas De Enredo 2001
558,Mocidade,Sambas De Enredo 2001
559,Unidos Da Tijuca,Sambas De Enredo 2001
560,Salgueiro,Sambas De Enredo 2001
561,Mangueira,Sambas De Enredo 2001
562,União Da Ilha,Sambas De Enredo 2001
563,Grande Rio,Sambas De Enredo 2001
564,Portela,Sambas De Enredo 2001
565,Caprichosos,Sambas De Enredo 2001
566,Tradição,Sambas De Enredo 2001
567,Império Serrano,Sambas De Enredo 2001
568,Tuiuti,Sambas De Enredo 2001
569,(Da Le) Yaleo,Supernatural
570,Love Of My Life,Supernatural
571,Put Your Lights On,Supernatural
572,Africa Bamba,Supernatural
573,Smooth,Supernatural
574,Do You Like The Way,Supernatural
575,Maria Maria,Supernatural
576,Migra,Supernatural
577,Corazon Espinado,Supernatural
578,Wishing It Was,Supernatural
579,El Farol,Supernatural
580,Primavera,Supernatural
581,The Calling,Supernatural
582,Solução,The Best of Ed Motta
583,Manuel,The Best of Ed Motta
584,Entre E Ouça,The Best of Ed Motta
585,Um Contrato Com Deus,The Best of Ed Motta
586,Um Jantar Pra Dois,The Best of Ed Motta
587,Vamos Dançar,The Best of Ed Motta
588,Um Love,The Best of Ed Motta
589,Seis Da Tarde,The Best of Ed Motta
590,Baixo Rio,The Best of Ed Motta
591,Sombras Do Meu Destino,The Best of Ed Motta
592,Do You Have Other Loves?,The Best of Ed Motta
593,Agora Que O Dia Acordou,The Best of Ed Motta
594,Já!!!,The Best of Ed Motta
595,A Rua,The Best of Ed Motta
596,Now's The Time,The Essential Miles Davis [Disc 1]
597,Jeru,The Essential Miles Davis [Disc 1]
598,Compulsion,The Essential Miles Davis [Disc 1]
599,Tempus Fugit,The Essential Miles Davis [Disc 1]
600,Walkin',The Essential Miles Davis [Disc 1]
601,'Round Midnight,The Essential Miles Davis [Disc 1]
602,Bye Bye Blackbird,The Essential Miles Davis [Disc 1]
603,New Rhumba,The Essential Miles Davis [Disc 1]
604,Generique,The Essential Miles Davis [Disc 1]
605,Summertime,The Essential Miles Davis [Disc 1]
606,So What,The Essential Miles Davis [Disc 1]
607,The Pan Piper,The Essential Miles Davis [Disc 1]
608,Someday My Prince Will Come,The Essential Miles Davis [Disc 1]
609,My Funny Valentine (Live),The Essential Miles Davis [Disc 2]
610,E.S.P.,The Essential Miles Davis [Disc 2]
611,Nefertiti,The Essential Miles Davis [Disc 2]
612,Petits Machins (Little Stuff),The Essential Miles Davis [Disc 2]
613,Miles Runs The Voodoo Down,The Essential Miles Davis [Disc 2]
614,Little Church (Live),The Essential Miles Davis [Disc 2]
615,Black Satin,The Essential Miles Davis [Disc 2]
616,Jean Pierre (Live),The Essential Miles Davis [Disc 2]
617,Time After Time,The Essential Miles Davis [Disc 2]
618,Portia,The Essential Miles Davis [Disc 2]
619,Space Truckin',The Final Concerts (Disc 2)
620,Going Down / Highway Star,The Final Concerts (Disc 2)
621,Mistreated (Alternate Version),The Final Concerts (Disc 2)
622,You Fool No One (Alternate Version),The Final Concerts (Disc 2)
623,Jeepers Creepers,Up An' Atom
624,Blue Rythm Fantasy,Up An' Atom
625,Drum Boogie,Up An' Atom
626,Let Me Off Uptown,Up An' Atom
627,Leave Us Leap,Up An' Atom
628,Opus No.1,Up An' Atom
629,Boogie Blues,Up An' Atom
630,How High The Moon,Up An' Atom
631,Disc Jockey Jump,Up An' Atom
632,Up An' Atom,Up An' Atom
633,Bop Boogie,Up An' Atom
634,Lemon Drop,Up An' Atom
635,Coronation Drop,Up An' Atom
636,Overtime,Up An' Atom
637,Imagination,Up An' Atom
638,Don't Take Your Love From Me,Up An' Atom
639,Midget,Up An' Atom
640,I'm Coming Virginia,Up An' Atom
641,Payin' Them Dues Blues,Up An' Atom
642,Jungle Drums,Up An' Atom
643,Showcase,Up An' Atom
644,Swedish Schnapps,Up An' Atom
645,Samba Da Bênção,Vinícius De Moraes - Sem Limite
646,Pot-Pourri N.º 4,Vinícius De Moraes - Sem Limite
647,Onde Anda Você,Vinícius De Moraes - Sem Limite
648,Samba Da Volta,Vinícius De Moraes - Sem Limite
649,Canto De Ossanha,Vinícius De Moraes - Sem Limite
650,Pot-Pourri N.º 5,Vinícius De Moraes - Sem Limite
651,Formosa,Vinícius De Moraes - Sem Limite
652,Como É Duro Trabalhar,Vinícius De Moraes - Sem Limite
653,Minha Namorada,Vinícius De Moraes - Sem Limite
654,Por Que Será,Vinícius De Moraes - Sem Limite
655,Berimbau,Vinícius De Moraes - Sem Limite
656,Deixa,Vinícius De Moraes - Sem Limite
657,Pot-Pourri N.º 2,Vinícius De Moraes - Sem Limite
658,Samba Em Prelúdio,Vinícius De Moraes - Sem Limite
659,Carta Ao Tom 74,Vinícius De Moraes - Sem Limite
660,Linha de Passe (João Bosco),Vozes do MPB
661,Pela Luz dos Olhos Teus (Miúcha e Tom Jobim),Vozes do MPB
662,Chão de Giz (Elba Ramalho),Vozes do MPB
663,Marina (Dorival Caymmi),Vozes do MPB
664,Aquarela (Toquinho),Vozes do MPB
665,Coração do Agreste (Fafá de Belém),Vozes do MPB
666,Dona (Roupa Nova),Vozes do MPB
667,Começaria Tudo Outra Vez (Maria Creuza),Vozes do MPB
668,Caçador de Mim (Sá & Guarabyra),Vozes do MPB
669,Romaria (Renato Teixeira),Vozes do MPB
670,As Rosas Não Falam (Beth Carvalho),Vozes do MPB
671,Wave (Os Cariocas),Vozes do MPB
672,Garota de Ipanema (Dick Farney),Vozes do MPB
673,Preciso Apender a Viver Só (Maysa),Vozes do MPB
674,Susie Q,"Chronicle, Vol. 1"
675,I Put A Spell On You,"Chronicle, Vol. 1"
676,Proud Mary,"Chronicle, Vol. 1"
677,Bad Moon Rising,"Chronicle, Vol. 1"
678,Lodi,"Chronicle, Vol. 1"
679,Green River,"Chronicle, Vol. 1"
680,Commotion,"Chronicle, Vol. 1"
681,Down On The Corner,"Chronicle, Vol. 1"
682,Fortunate Son,"Chronicle, Vol. 1"
683,Travelin' Band,"Chronicle, Vol. 1"
684,Who'll Stop The Rain,"Chronicle, Vol. 1"
685,Up Around The Bend,"Chronicle, Vol. 1"
686,Run Through The Jungle,"Chronicle, Vol. 1"
687,Lookin' Out My Back Door,"Chronicle, Vol. 1"
688,Long As I Can See The Light,"Chronicle, Vol. 1"
689,I Heard It Through The Grapevine,"Chronicle, Vol. 1"
690,Have You Ever Seen The Rain?,"Chronicle, Vol. 1"
691,Hey Tonight,"Chronicle, Vol. 1"
692,Sweet Hitch-Hiker,"Chronicle, Vol. 1"
693,Someday Never Comes,"Chronicle, Vol. 1"
694,Walking On The Water,"Chronicle, Vol. 2"
695,"Suzie-Q, Pt. 2","Chronicle, Vol. 2"
696,Born On The Bayou,"Chronicle, Vol. 2"
697,Good Golly Miss Molly,"Chronicle, Vol. 2"
698,Tombstone Shadow,"Chronicle, Vol. 2"
699,Wrote A Song For Everyone,"Chronicle, Vol. 2"
700,Night Time Is The Right Time,"Chronicle, Vol. 2"
701,Cotton Fields,"Chronicle, Vol. 2"
702,It Came Out Of The Sky,"Chronicle, Vol. 2"
703,Don't Look Now,"Chronicle, Vol. 2"
704,The Midnight Special,"Chronicle, Vol. 2"
705,Before You Accuse Me,"Chronicle, Vol. 2"
706,My Baby Left Me,"Chronicle, Vol. 2"
707,Pagan Baby,"Chronicle, Vol. 2"
708,(Wish I Could) Hideaway,"Chronicle, Vol. 2"
709,It's Just A Thought,"Chronicle, Vol. 2"
710,Molina,"Chronicle, Vol. 2"
711,Born To Move,"Chronicle, Vol. 2"
712,Lookin' For A Reason,"Chronicle, Vol. 2"
713,Hello Mary Lou,"Chronicle, Vol. 2"
714,Gatas Extraordinárias,Cássia Eller - Coleção Sem Limite [Disc 2]
715,Brasil,Cássia Eller - Coleção Sem Limite [Disc 2]
716,Eu Sou Neguinha (Ao Vivo),Cássia Eller - Coleção Sem Limite [Disc 2]
717,Geração Coca-Cola (Ao Vivo),Cássia Eller - Coleção Sem Limite [Disc 2]
718,Lanterna Dos Afogados,Cássia Eller - Coleção Sem Limite [Disc 2]
719,Coroné Antonio Bento,Cássia Eller - Coleção Sem Limite [Disc 2]
720,"Você Passa, Eu Acho Graça (Ao Vivo)",Cássia Eller - Coleção Sem Limite [Disc 2]
721,Meu Mundo Fica Completo (Com Você),Cássia Eller - Coleção Sem Limite [Disc 2]
722,1° De Julho,Cássia Eller - Coleção Sem Limite [Disc 2]
723,Música Urbana 2,Cássia Eller - Coleção Sem Limite [Disc 2]
724,Vida Bandida (Ao Vivo),Cássia Eller - Coleção Sem Limite [Disc 2]
725,Palavras Ao Vento,Cássia Eller - Coleção Sem Limite [Disc 2]
726,Não Sei O Que Eu Quero Da Vida,Cássia Eller - Coleção Sem Limite [Disc 2]
727,Woman Is The Nigger Of The World (Ao Vivo),Cássia Eller - Coleção Sem Limite [Disc 2]
728,Juventude Transviada (Ao Vivo),Cássia Eller - Coleção Sem Limite [Disc 2]
729,Malandragem,Cássia Eller - Sem Limite [Disc 1]
730,O Segundo Sol,Cássia Eller - Sem Limite [Disc 1]
731,Smells Like Teen Spirit (Ao Vivo),Cássia Eller - Sem Limite [Disc 1]
732,E.C.T.,Cássia Eller - Sem Limite [Disc 1]
733,Todo Amor Que Houver Nesta Vida,Cássia Eller - Sem Limite [Disc 1]
734,Metrô. Linha 743,Cássia Eller - Sem Limite [Disc 1]
735,Nós (Ao Vivo),Cássia Eller - Sem Limite [Disc 1]
736,Na Cadência Do Samba,Cássia Eller - Sem Limite [Disc 1]
737,Admirável Gado Novo,Cássia Eller - Sem Limite [Disc 1]
738,Eleanor Rigby,Cássia Eller - Sem Limite [Disc 1]
739,Socorro,Cássia Eller - Sem Limite [Disc 1]
740,Blues Da Piedade,Cássia Eller - Sem Limite [Disc 1]
741,Rubens,Cássia Eller - Sem Limite [Disc 1]
742,Não Deixe O Samba Morrer - Cassia Eller e Alcione,Cássia Eller - Sem Limite [Disc 1]
743,Mis Penas Lloraba Yo (Ao Vivo) Soy Gitano (Tangos),Cássia Eller - Sem Limite [Disc 1]
744,Comin' Home,Come Taste The Band
745,Lady Luck,Come Taste The Band
746,Gettin' Tighter,Come Taste The Band
747,Dealer,Come Taste The Band
748,I Need Love,Come Taste The Band
749,Drifter,Come Taste The Band
750,Love Child,Come Taste The Band
751,This Time Around / Owed to 'G' [Instrumental],Come Taste The Band
752,You Keep On Moving,Come Taste The Band
753,Speed King,Deep Purple In Rock
754,Bloodsucker,Deep Purple In Rock
755,Child In Time,Deep Purple In Rock
756,Flight Of The Rat,Deep Purple In Rock
757,Into The Fire,Deep Purple In Rock
758,Living Wreck,Deep Purple In Rock
759,Hard Lovin' Man,Deep Purple In Rock
760,Fireball,Fireball
761,No No No,Fireball
762,Strange Kind Of Woman,Fireball
763,Anyone's Daughter,Fireball
764,The Mule,Fireball
765,Fools,Fireball
766,No One Came,Fireball
767,Knocking At Your Back Door,Knocking at Your Back Door: The Best Of Deep Purple in the 80's
768,Bad Attitude,Knocking at Your Back Door: The Best Of Deep Purple in the 80's
769,Child In Time (Son Of Aleric - Instrumental),Knocking at Your Back Door: The Best Of Deep Purple in the 80's
770,Nobody's Home,Knocking at Your Back Door: The Best Of Deep Purple in the 80's
771,Black Night,Knocking at Your Back Door: The Best Of Deep Purple in the 80's
772,Perfect Strangers,Knocking at Your Back Door: The Best Of Deep Purple in the 80's
773,The Unwritten Law,Knocking at Your Back Door: The Best Of Deep Purple in the 80's
774,Call Of The Wild,Knocking at Your Back Door: The Best Of Deep Purple in the 80's
775,Hush,Knocking at Your Back Door: The Best Of Deep Purple in the 80's
776,Smoke On The Water,Knocking at Your Back Door: The Best Of Deep Purple in the 80's
777,Space Trucking,Knocking at Your Back Door: The Best Of Deep Purple in the 80's
778,Highway Star,Machine Head
779,Maybe I'm A Leo,Machine Head
780,Pictures Of Home,Machine Head
781,Never Before,Machine Head
782,Smoke On The Water,Machine Head
783,Lazy,Machine Head
784,Space Truckin',Machine Head
785,Vavoom : Ted The Mechanic,Purpendicular
786,Loosen My Strings,Purpendicular
787,Soon Forgotten,Purpendicular
788,Sometimes I Feel Like Screaming,Purpendicular
789,Cascades : I'm Not Your Lover,Purpendicular
790,The Aviator,Purpendicular
791,Rosa's Cantina,Purpendicular
792,A Castle Full Of Rascals,Purpendicular
793,A Touch Away,Purpendicular
794,Hey Cisco,Purpendicular
795,Somebody Stole My Guitar,Purpendicular
796,The Purpendicular Waltz,Purpendicular
797,King Of Dreams,Slaves And Masters
798,The Cut Runs Deep,Slaves And Masters
799,Fire In The Basement,Slaves And Masters
800,Truth Hurts,Slaves And Masters
801,Breakfast In Bed,Slaves And Masters
802,Love Conquers All,Slaves And Masters
803,Fortuneteller,Slaves And Masters
804,Too Much Is Not Enough,Slaves And Masters
805,Wicked Ways,Slaves And Masters
806,Stormbringer,Stormbringer
807,Love Don't Mean a Thing,Stormbringer
808,Holy Man,Stormbringer
809,Hold On,Stormbringer
810,Lady Double Dealer,Stormbringer
811,You Can't Do it Right (With the One You Love),Stormbringer
812,High Ball Shooter,Stormbringer
813,The Gypsy,Stormbringer
814,Soldier Of Fortune,Stormbringer
815,The Battle Rages On,The Battle Rages On
816,Lick It Up,The Battle Rages On
817,Anya,The Battle Rages On
818,Talk About Love,The Battle Rages On
819,Time To Kill,The Battle Rages On
820,Ramshackle Man,The Battle Rages On
821,A Twist In The Tail,The Battle Rages On
822,Nasty Piece Of Work,The Battle Rages On
823,Solitaire,The Battle Rages On
824,One Man's Meat,The Battle Rages On
825,Pour Some Sugar On Me,Vault: Def Leppard's Greatest Hits
826,Photograph,Vault: Def Leppard's Greatest Hits
827,Love Bites,Vault: Def Leppard's Greatest Hits
828,Let's Get Rocked,Vault: Def Leppard's Greatest Hits
829,Two Steps Behind [Acoustic Version],Vault: Def Leppard's Greatest Hits
830,Animal,Vault: Def Leppard's Greatest Hits
831,Heaven Is,Vault: Def Leppard's Greatest Hits
832,Rocket,Vault: Def Leppard's Greatest Hits
833,When Love & Hate Collide,Vault: Def Leppard's Greatest Hits
834,Action,Vault: Def Leppard's Greatest Hits
835,Make Love Like A Man,Vault: Def Leppard's Greatest Hits
836,Armageddon It,Vault: Def Leppard's Greatest Hits
837,Have You Ever Needed Someone So Bad,Vault: Def Leppard's Greatest Hits
838,Rock Of Ages,Vault: Def Leppard's Greatest Hits
839,Hysteria,Vault: Def Leppard's Greatest Hits
840,Bringin' On The Heartbreak,Vault: Def Leppard's Greatest Hits
841,Roll Call,Outbreak
842,Otay,Outbreak
843,Groovus Interruptus,Outbreak
844,Paris On Mine,Outbreak
845,In Time,Outbreak
846,Plan B,Outbreak
847,Outbreak,Outbreak
848,"Baltimore, DC",Outbreak
849,Talkin Loud and Saying Nothin,Outbreak
850,Pétala,Djavan Ao Vivo - Vol. 02
851,Meu Bem-Querer,Djavan Ao Vivo - Vol. 02
852,Cigano,Djavan Ao Vivo - Vol. 02
853,Boa Noite,Djavan Ao Vivo - Vol. 02
854,Fato Consumado,Djavan Ao Vivo - Vol. 02
855,Faltando Um Pedaço,Djavan Ao Vivo - Vol. 02
856,Álibi,Djavan Ao Vivo - Vol. 02
857,Esquinas,Djavan Ao Vivo - Vol. 02
858,Se...,Djavan Ao Vivo - Vol. 02
859,Eu Te Devoro,Djavan Ao Vivo - Vol. 02
860,Lilás,Djavan Ao Vivo - Vol. 02
861,Acelerou,Djavan Ao Vivo - Vol. 02
862,Um Amor Puro,Djavan Ao Vivo - Vol. 02
863,Samurai,Djavan Ao Vivo - Vol. 1
864,Nem Um Dia,Djavan Ao Vivo - Vol. 1
865,Oceano,Djavan Ao Vivo - Vol. 1
866,Açai,Djavan Ao Vivo - Vol. 1
867,Serrado,Djavan Ao Vivo - Vol. 1
868,Flor De Lis,Djavan Ao Vivo - Vol. 1
869,Amar É Tudo,Djavan Ao Vivo - Vol. 1
870,Azul,Djavan Ao Vivo - Vol. 1
871,Seduzir,Djavan Ao Vivo - Vol. 1
872,A Carta,Djavan Ao Vivo - Vol. 1
873,Sina,Djavan Ao Vivo - Vol. 1
874,Acelerou,Djavan Ao Vivo - Vol. 1
875,Um Amor Puro,Djavan Ao Vivo - Vol. 1
876,O Bêbado e a Equilibrista,Elis Regina-Minha História
877,O Mestre-Sala dos Mares,Elis Regina-Minha História
878,Atrás da Porta,Elis Regina-Minha História
879,"Dois Pra Lá, Dois Pra Cá",Elis Regina-Minha História
880,Casa no Campo,Elis Regina-Minha História
881,Romaria,Elis Regina-Minha História
882,"Alô, Alô, Marciano",Elis Regina-Minha História
883,Me Deixas Louca,Elis Regina-Minha História
884,Fascinação,Elis Regina-Minha História
885,Saudosa Maloca,Elis Regina-Minha História
886,As Aparências Enganam,Elis Regina-Minha História
887,Madalena,Elis Regina-Minha História
888,Maria Rosa,Elis Regina-Minha História
889,Aprendendo A Jogar,Elis Regina-Minha História
890,Layla,The Cream Of Clapton
891,Badge,The Cream Of Clapton
892,I Feel Free,The Cream Of Clapton
893,Sunshine Of Your Love,The Cream Of Clapton
894,Crossroads,The Cream Of Clapton
895,Strange Brew,The Cream Of Clapton
896,White Room,The Cream Of Clapton
897,Bell Bottom Blues,The Cream Of Clapton
898,Cocaine,The Cream Of Clapton
899,I Shot The Sheriff,The Cream Of Clapton
900,After Midnight,The Cream Of Clapton
901,Swing Low Sweet Chariot,The Cream Of Clapton
902,Lay Down Sally,The Cream Of Clapton
903,Knockin On Heavens Door,The Cream Of Clapton
904,Wonderful Tonight,The Cream Of Clapton
905,Let It Grow,The Cream Of Clapton
906,Promises,The Cream Of Clapton
907,I Can't Stand It,The Cream Of Clapton
908,Signe,Unplugged
909,Before You Accuse Me,Unplugged
910,Hey Hey,Unplugged
911,Tears In Heaven,Unplugged
912,Lonely Stranger,Unplugged
913,Nobody Knows You When You're Down & Out,Unplugged
914,Layla,Unplugged
915,Running On Faith,Unplugged
916,Walkin' Blues,Unplugged
917,Alberta,Unplugged
918,San Francisco Bay Blues,Unplugged
919,Malted Milk,Unplugged
920,Old Love,Unplugged
921,Rollin' And Tumblin',Unplugged
922,Collision,Album Of The Year
923,Stripsearch,Album Of The Year
924,Last Cup Of Sorrow,Album Of The Year
925,Naked In Front Of The Computer,Album Of The Year
926,Helpless,Album Of The Year
927,Mouth To Mouth,Album Of The Year
928,Ashes To Ashes,Album Of The Year
929,She Loves Me Not,Album Of The Year
930,Got That Feeling,Album Of The Year
931,Paths Of Glory,Album Of The Year
932,Home Sick Home,Album Of The Year
933,Pristina,Album Of The Year
934,Land Of Sunshine,Angel Dust
935,Caffeine,Angel Dust
936,Midlife Crisis,Angel Dust
937,RV,Angel Dust
938,Smaller And Smaller,Angel Dust
939,Everything's Ruined,Angel Dust
940,Malpractice,Angel Dust
941,Kindergarten,Angel Dust
942,Be Aggressive,Angel Dust
943,A Small Victory,Angel Dust
944,Crack Hitler,Angel Dust
945,Jizzlobber,Angel Dust
946,Midnight Cowboy,Angel Dust
947,Easy,Angel Dust
948,Get Out,King For A Day Fool For A Lifetime
949,Ricochet,King For A Day Fool For A Lifetime
950,Evidence,King For A Day Fool For A Lifetime
951,The Gentle Art Of Making Enemies,King For A Day Fool For A Lifetime
952,Star A.D.,King For A Day Fool For A Lifetime
953,Cuckoo For Caca,King For A Day Fool For A Lifetime
954,Caralho Voador,King For A Day Fool For A Lifetime
955,Ugly In The Morning,King For A Day Fool For A Lifetime
956,Digging The Grave,King For A Day Fool For A Lifetime
957,Take This Bottle,King For A Day Fool For A Lifetime
958,King For A Day,King For A Day Fool For A Lifetime
959,What A Day,King For A Day Fool For A Lifetime
960,The Last To Know,King For A Day Fool For A Lifetime
961,Just A Man,King For A Day Fool For A Lifetime
962,Absolute Zero,King For A Day Fool For A Lifetime
963,From Out Of Nowhere,The Real Thing
964,Epic,The Real Thing
965,Falling To Pieces,The Real Thing
966,Surprise! You're Dead!,The Real Thing
967,Zombie Eaters,The Real Thing
968,The Real Thing,The Real Thing
969,Underwater Love,The Real Thing
970,The Morning After,The Real Thing
971,Woodpecker From Mars,The Real Thing
972,War Pigs,The Real Thing
973,Edge Of The World,The Real Thing
974,Deixa Entrar,Deixa Entrar
975,Falamansa Song,Deixa Entrar
976,Xote Dos Milagres,Deixa Entrar
977,Rindo À Toa,Deixa Entrar
978,Confidência,Deixa Entrar
979,Forró De Tóquio,Deixa Entrar
980,Zeca Violeiro,Deixa Entrar
981,Avisa,Deixa Entrar
982,Principiando/Decolagem,Deixa Entrar
983,Asas,Deixa Entrar
984,Medo De Escuro,Deixa Entrar
985,Oração,Deixa Entrar
986,Minha Gata,Deixa Entrar
987,Desaforo,Deixa Entrar
988,In Your Honor,In Your Honor [Disc 1]
989,No Way Back,In Your Honor [Disc 1]
990,Best Of You,In Your Honor [Disc 1]
991,DOA,In Your Honor [Disc 1]
992,Hell,In Your Honor [Disc 1]
993,The Last Song,In Your Honor [Disc 1]
994,Free Me,In Your Honor [Disc 1]
995,Resolve,In Your Honor [Disc 1]
996,The Deepest Blues Are Black,In Your Honor [Disc 1]
997,End Over End,In Your Honor [Disc 1]
998,Still,In Your Honor [Disc 2]
999,What If I Do?,In Your Honor [Disc 2]
1000,Miracle,In Your Honor [Disc 2]
1001,Another Round,In Your Honor [Disc 2]
1002,Friend Of A Friend,In Your Honor [Disc 2]
1003,Over And Out,In Your Honor [Disc 2]
1004,On The Mend,In Your Honor [Disc 2]
1005,Virginia Moon,In Your Honor [Disc 2]
1006,Cold Day In The Sun,In Your Honor [Disc 2]
1007,Razor,In Your Honor [Disc 2]
1008,All My Life,One By One
1009,Low,One By One
1010,Have It All,One By One
1011,Times Like These,One By One
1012,Disenchanted Lullaby,One By One
1013,Tired Of You,One By One
1014,Halo,One By One
1015,Lonely As You,One By One
1016,Overdrive,One By One
1017,Burn Away,One By One
1018,Come Back,One By One
1019,Doll,The Colour And The Shape
1020,Monkey Wrench,The Colour And The Shape
1021,"Hey, Johnny Park!",The Colour And The Shape
1022,My Poor Brain,The Colour And The Shape
1023,Wind Up,The Colour And The Shape
1024,Up In Arms,The Colour And The Shape
1025,My Hero,The Colour And The Shape
1026,See You,The Colour And The Shape
1027,Enough Space,The Colour And The Shape
1028,February Stars,The Colour And The Shape
1029,Everlong,The Colour And The Shape
1030,Walking After You,The Colour And The Shape
1031,New Way Home,The Colour And The Shape
1032,My Way,My Way: The Best Of Frank Sinatra [Disc 1]
1033,Strangers In The Night,My Way: The Best Of Frank Sinatra [Disc 1]
1034,"New York, New York",My Way: The Best Of Frank Sinatra [Disc 1]
1035,I Get A Kick Out Of You,My Way: The Best Of Frank Sinatra [Disc 1]
1036,Something Stupid,My Way: The Best Of Frank Sinatra [Disc 1]
1037,Moon River,My Way: The Best Of Frank Sinatra [Disc 1]
1038,What Now My Love,My Way: The Best Of Frank Sinatra [Disc 1]
1039,Summer Love,My Way: The Best Of Frank Sinatra [Disc 1]
1040,For Once In My Life,My Way: The Best Of Frank Sinatra [Disc 1]
1041,Love And Marriage,My Way: The Best Of Frank Sinatra [Disc 1]
1042,They Can't Take That Away From Me,My Way: The Best Of Frank Sinatra [Disc 1]
1043,My Kind Of Town,My Way: The Best Of Frank Sinatra [Disc 1]
1044,Fly Me To The Moon,My Way: The Best Of Frank Sinatra [Disc 1]
1045,I've Got You Under My Skin,My Way: The Best Of Frank Sinatra [Disc 1]
1046,The Best Is Yet To Come,My Way: The Best Of Frank Sinatra [Disc 1]
1047,It Was A Very Good Year,My Way: The Best Of Frank Sinatra [Disc 1]
1048,Come Fly With Me,My Way: The Best Of Frank Sinatra [Disc 1]
1049,That's Life,My Way: The Best Of Frank Sinatra [Disc 1]
1050,The Girl From Ipanema,My Way: The Best Of Frank Sinatra [Disc 1]
1051,The Lady Is A Tramp,My Way: The Best Of Frank Sinatra [Disc 1]
1052,"Bad, Bad Leroy Brown",My Way: The Best Of Frank Sinatra [Disc 1]
1053,Mack The Knife,My Way: The Best Of Frank Sinatra [Disc 1]
1054,Loves Been Good To Me,My Way: The Best Of Frank Sinatra [Disc 1]
1055,L.A. Is My Lady,My Way: The Best Of Frank Sinatra [Disc 1]
1056,Entrando Na Sua (Intro),Roda De Funk
1057,Nervosa,Roda De Funk
1058,Funk De Bamba (Com Fernanda Abreu),Roda De Funk
1059,Call Me At Cleo´s,Roda De Funk
1060,Olhos Coloridos (Com Sandra De Sá),Roda De Funk
1061,Zambação,Roda De Funk
1062,Funk Hum,Roda De Funk
1063,Forty Days (Com DJ Hum),Roda De Funk
1064,Balada Da Paula,Roda De Funk
1065,Dujji,Roda De Funk
1066,Meu Guarda-Chuva,Roda De Funk
1067,Motéis,Roda De Funk
1068,Whistle Stop,Roda De Funk
1069,16 Toneladas,Roda De Funk
1070,Divirta-Se (Saindo Da Sua),Roda De Funk
1071,Forty Days Instrumental,Roda De Funk
1072,Óia Eu Aqui De Novo,As Canções de Eu Tu Eles
1073,Baião Da Penha,As Canções de Eu Tu Eles
1074,Esperando Na Janela,As Canções de Eu Tu Eles
1075,Juazeiro,As Canções de Eu Tu Eles
1076,Último Pau-De-Arara,As Canções de Eu Tu Eles
1077,Asa Branca,As Canções de Eu Tu Eles
1078,Qui Nem Jiló,As Canções de Eu Tu Eles
1079,Assum Preto,As Canções de Eu Tu Eles
1080,Pau-De-Arara,As Canções de Eu Tu Eles
1081,A Volta Da Asa Branca,As Canções de Eu Tu Eles
1082,O Amor Daqui De Casa,As Canções de Eu Tu Eles
1083,As Pegadas Do Amor,As Canções de Eu Tu Eles
1084,Lamento Sertanejo,As Canções de Eu Tu Eles
1085,Casinha Feliz,As Canções de Eu Tu Eles
1086,Introdução (Live),Quanta Gente Veio Ver (Live)
1087,Palco (Live),Quanta Gente Veio Ver (Live)
1088,Is This Love (Live),Quanta Gente Veio Ver (Live)
1089,Stir It Up (Live),Quanta Gente Veio Ver (Live)
1090,Refavela (Live),Quanta Gente Veio Ver (Live)
1091,Vendedor De Caranguejo (Live),Quanta Gente Veio Ver (Live)
1092,Quanta (Live),Quanta Gente Veio Ver (Live)
1093,Estrela (Live),Quanta Gente Veio Ver (Live)
1094,Pela Internet (Live),Quanta Gente Veio Ver (Live)
1095,Cérebro Eletrônico (Live),Quanta Gente Veio Ver (Live)
1096,Opachorô (Live),Quanta Gente Veio Ver (Live)
1097,Copacabana (Live),Quanta Gente Veio Ver (Live)
1098,A Novidade (Live),Quanta Gente Veio Ver (Live)
1099,Ghandi (Live),Quanta Gente Veio Ver (Live)
1100,De Ouro E Marfim (Live),Quanta Gente Veio Ver (Live)
1101,Doce De Carnaval (Candy All),Quanta Gente Veio ver--Bônus De Carnaval
1102,Lamento De Carnaval,Quanta Gente Veio ver--Bônus De Carnaval
1103,Pretinha,Quanta Gente Veio ver--Bônus De Carnaval
1104,A Novidade,Unplugged
1105,Tenho Sede,Unplugged
1106,Refazenda,Unplugged
1107,Realce,Unplugged
1108,Esotérico,Unplugged
1109,Drão,Unplugged
1110,A Paz,Unplugged
1111,Beira Mar,Unplugged
1112,Sampa,Unplugged
1113,Parabolicamará,Unplugged
1114,Tempo Rei,Unplugged
1115,Expresso 2222,Unplugged
1116,Aquele Abraço,Unplugged
1117,Palco,Unplugged
1118,Toda Menina Baiana,Unplugged
1119,Sítio Do Pica-Pau Amarelo,Unplugged
1120,Straight Out Of Line,Faceless
1121,Faceless,Faceless
1122,Changes,Faceless
1123,Make Me Believe,Faceless
1124,I Stand Alone,Faceless
1125,Re-Align,Faceless
1126,I Fucking Hate You,Faceless
1127,Releasing The Demons,Faceless
1128,Dead And Broken,Faceless
1129,I Am,Faceless
1130,The Awakening,Faceless
1131,Serenity,Faceless
1132,American Idiot,American Idiot
1133,Jesus Of Suburbia / City Of The Damned / I Don't Care / Dearly Beloved / Tales Of Another Broken Home,American Idiot
1134,Holiday,American Idiot
1135,Boulevard Of Broken Dreams,American Idiot
1136,Are We The Waiting,American Idiot
1137,St. Jimmy,American Idiot
1138,Give Me Novacaine,American Idiot
1139,She's A Rebel,American Idiot
1140,Extraordinary Girl,American Idiot
1141,Letterbomb,American Idiot
1142,Wake Me Up When September Ends,American Idiot
1143,Homecoming / The Death Of St. Jimmy / East 12th St. / Nobody Likes You / Rock And Roll Girlfriend / We're Coming Home Again,American Idiot
1144,Whatsername,American Idiot
1145,Welcome to the Jungle,Appetite for Destruction
1146,It's So Easy,Appetite for Destruction
1147,Nightrain,Appetite for Destruction
1148,Out Ta Get Me,Appetite for Destruction
1149,Mr. Brownstone,Appetite for Destruction
1150,Paradise City,Appetite for Destruction
1151,My Michelle,Appetite for Destruction
1152,Think About You,Appetite for Destruction
1153,Sweet Child O' Mine,Appetite for Destruction
1154,You're Crazy,Appetite for Destruction
1155,Anything Goes,Appetite for Destruction
1156,Rocket Queen,Appetite for Destruction
1157,Right Next Door to Hell,Use Your Illusion I
1158,Dust N' Bones,Use Your Illusion I
1159,Live and Let Die,Use Your Illusion I
1160,Don't Cry (Original),Use Your Illusion I
1161,Perfect Crime,Use Your Illusion I
1162,You Ain't the First,Use Your Illusion I
1163,Bad Obsession,Use Your Illusion I
1164,Back off Bitch,Use Your Illusion I
1165,Double Talkin' Jive,Use Your Illusion I
1166,November Rain,Use Your Illusion I
1167,The Garden,Use Your Illusion I
1168,Garden of Eden,Use Your Illusion I
1169,Don't Damn Me,Use Your Illusion I
1170,Bad Apples,Use Your Illusion I
1171,Dead Horse,Use Your Illusion I
1172,Coma,Use Your Illusion I
1173,Civil War,Use Your Illusion II
1174,14 Years,Use Your Illusion II
1175,Yesterdays,Use Your Illusion II
1176,Knockin' On Heaven's Door,Use Your Illusion II
1177,Get In The Ring,Use Your Illusion II
1178,Shotgun Blues,Use Your Illusion II
1179,Breakdown,Use Your Illusion II
1180,Pretty Tied Up,Use Your Illusion II
1181,Locomotive,Use Your Illusion II
1182,So Fine,Use Your Illusion II
1183,Estranged,Use Your Illusion II
1184,You Could Be Mine,Use Your Illusion II
1185,Don't Cry,Use Your Illusion II
1186,My World,Use Your Illusion II
1187,Colibri,Blue Moods
1188,Love Is The Colour,Blue Moods
1189,Magnetic Ocean,Blue Moods
1190,Deep Waters,Blue Moods
1191,L'Arc En Ciel De Miles,Blue Moods
1192,Gypsy,Blue Moods
1193,Journey Into Sunlight,Blue Moods
1194,Sunchild,Blue Moods
1195,Millenium,Blue Moods
1196,Thinking 'Bout Tomorrow,Blue Moods
1197,Jacob's Ladder,Blue Moods
1198,She Wears Black,Blue Moods
1199,Dark Side Of The Cog,Blue Moods
1200,Different World,A Matter of Life and Death
1201,These Colours Don't Run,A Matter of Life and Death
1202,Brighter Than a Thousand Suns,A Matter of Life and Death
1203,The Pilgrim,A Matter of Life and Death
1204,The Longest Day,A Matter of Life and Death
1205,Out of the Shadows,A Matter of Life and Death
1206,The Reincarnation of Benjamin Breeg,A Matter of Life and Death
1207,For the Greater Good of God,A Matter of Life and Death
1208,Lord of Light,A Matter of Life and Death
1209,The Legacy,A Matter of Life and Death
1210,Hallowed Be Thy Name (Live) [Non Album Bonus Track],A Matter of Life and Death
1211,The Number Of The Beast,A Real Dead One
1212,The Trooper,A Real Dead One
1213,Prowler,A Real Dead One
1214,Transylvania,A Real Dead One
1215,Remember Tomorrow,A Real Dead One
1216,Where Eagles Dare,A Real Dead One
1217,Sanctuary,A Real Dead One
1218,Running Free,A Real Dead One
1219,Run To The Hilss,A Real Dead One
1220,2 Minutes To Midnight,A Real Dead One
1221,Iron Maiden,A Real Dead One
1222,Hallowed Be Thy Name,A Real Dead One
1223,Be Quick Or Be Dead,A Real Live One
1224,From Here To Eternity,A Real Live One
1225,Can I Play With Madness,A Real Live One
1226,Wasting Love,A Real Live One
1227,Tailgunner,A Real Live One
1228,The Evil That Men Do,A Real Live One
1229,Afraid To Shoot Strangers,A Real Live One
1230,Bring Your Daughter... To The Slaughter,A Real Live One
1231,Heaven Can Wait,A Real Live One
1232,The Clairvoyant,A Real Live One
1233,Fear Of The Dark,A Real Live One
1234,The Wicker Man,Brave New World
1235,Ghost Of The Navigator,Brave New World
1236,Brave New World,Brave New World
1237,Blood Brothers,Brave New World
1238,The Mercenary,Brave New World
1239,Dream Of Mirrors,Brave New World
1240,The Fallen Angel,Brave New World
1241,The Nomad,Brave New World
1242,Out Of The Silent Planet,Brave New World
1243,The Thin Line Between Love & Hate,Brave New World
1244,Wildest Dreams,Dance Of Death
1245,Rainmaker,Dance Of Death
1246,No More Lies,Dance Of Death
1247,Montsegur,Dance Of Death
1248,Dance Of Death,Dance Of Death
1249,Gates Of Tomorrow,Dance Of Death
1250,New Frontier,Dance Of Death
1251,Paschendale,Dance Of Death
1252,Face In The Sand,Dance Of Death
1253,Age Of Innocence,Dance Of Death
1254,Journeyman,Dance Of Death
1255,Be Quick Or Be Dead,Fear Of The Dark
1256,From Here To Eternity,Fear Of The Dark
1257,Afraid To Shoot Strangers,Fear Of The Dark
1258,Fear Is The Key,Fear Of The Dark
1259,Childhood's End,Fear Of The Dark
1260,Wasting Love,Fear Of The Dark
1261,The Fugitive,Fear Of The Dark
1262,Chains Of Misery,Fear Of The Dark
1263,The Apparition,Fear Of The Dark
1264,Judas Be My Guide,Fear Of The Dark
1265,Weekend Warrior,Fear Of The Dark
1266,Fear Of The Dark,Fear Of The Dark
1267,01 - Prowler,Iron Maiden
1268,02 - Sanctuary,Iron Maiden
1269,03 - Remember Tomorrow,Iron Maiden
1270,04 - Running Free,Iron Maiden
1271,05 - Phantom of the Opera,Iron Maiden
1272,06 - Transylvania,Iron Maiden
1273,07 - Strange World,Iron Maiden
1274,08 - Charlotte the Harlot,Iron Maiden
1275,09 - Iron Maiden,Iron Maiden
1276,The Ides Of March,Killers
1277,Wrathchild,Killers
1278,Murders In The Rue Morgue,Killers
1279,Another Life,Killers
1280,Genghis Khan,Killers
1281,Innocent Exile,Killers
1282,Killers,Killers
1283,Prodigal Son,Killers
1284,Purgatory,Killers
1285,Drifter,Killers
1286,Intro- Churchill S Speech,Live After Death
1287,Aces High,Live After Death
1288,2 Minutes To Midnight,Live After Death
1289,The Trooper,Live After Death
1290,Revelations,Live After Death
1291,Flight Of Icarus,Live After Death
1292,Rime Of The Ancient Mariner,Live After Death
1293,Powerslave,Live After Death
1294,The Number Of The Beast,Live After Death
1295,Hallowed Be Thy Name,Live After Death
1296,Iron Maiden,Live After Death
1297,Run To The Hills,Live After Death
1298,Running Free,Live After Death
1299,Wrathchild,Live After Death
1300,Acacia Avenue,Live After Death
1301,Children Of The Damned,Live After Death
1302,Die With Your Boots On,Live After Death
1303,Phantom Of The Opera,Live After Death
1304,Be Quick Or Be Dead,Live At Donington 1992 (Disc 1)
1305,The Number Of The Beast,Live At Donington 1992 (Disc 1)
1306,Wrathchild,Live At Donington 1992 (Disc 1)
1307,From Here To Eternity,Live At Donington 1992 (Disc 1)
1308,Can I Play With Madness,Live At Donington 1992 (Disc 1)
1309,Wasting Love,Live At Donington 1992 (Disc 1)
1310,Tailgunner,Live At Donington 1992 (Disc 1)
1311,The Evil That Men Do,Live At Donington 1992 (Disc 1)
1312,Afraid To Shoot Strangers,Live At Donington 1992 (Disc 1)
1313,Fear Of The Dark,Live At Donington 1992 (Disc 1)
1314,Bring Your Daughter... To The Slaughter...,Live At Donington 1992 (Disc 2)
1315,The Clairvoyant,Live At Donington 1992 (Disc 2)
1316,Heaven Can Wait,Live At Donington 1992 (Disc 2)
1317,Run To The Hills,Live At Donington 1992 (Disc 2)
1318,2 Minutes To Midnight,Live At Donington 1992 (Disc 2)
1319,Iron Maiden,Live At Donington 1992 (Disc 2)
1320,Hallowed Be Thy Name,Live At Donington 1992 (Disc 2)
1321,The Trooper,Live At Donington 1992 (Disc 2)
1322,Sanctuary,Live At Donington 1992 (Disc 2)
1323,Running Free,Live At Donington 1992 (Disc 2)
1324,Tailgunner,No Prayer For The Dying
1325,Holy Smoke,No Prayer For The Dying
1326,No Prayer For The Dying,No Prayer For The Dying
1327,Public Enema Number One,No Prayer For The Dying
1328,Fates Warning,No Prayer For The Dying
1329,The Assassin,No Prayer For The Dying
1330,Run Silent Run Deep,No Prayer For The Dying
1331,Hooks In You,No Prayer For The Dying
1332,Bring Your Daughter... ...To The Slaughter,No Prayer For The Dying
1333,Mother Russia,No Prayer For The Dying
1334,Where Eagles Dare,Piece Of Mind
1335,Revelations,Piece Of Mind
1336,Flight Of The Icarus,Piece Of Mind
1337,Die With Your Boots On,Piece Of Mind
1338,The Trooper,Piece Of Mind
1339,Still Life,Piece Of Mind
1340,Quest For Fire,Piece Of Mind
1341,Sun And Steel,Piece Of Mind
1342,To Tame A Land,Piece Of Mind
1343,Aces High,Powerslave
1344,2 Minutes To Midnight,Powerslave
1345,Losfer Words,Powerslave
1346,Flash of The Blade,Powerslave
1347,Duelists,Powerslave
1348,Back in the Village,Powerslave
1349,Powerslave,Powerslave
1350,Rime of the Ancient Mariner,Powerslave
1351,Intro,Rock In Rio [CD1]
1352,The Wicker Man,Rock In Rio [CD1]
1353,Ghost Of The Navigator,Rock In Rio [CD1]
1354,Brave New World,Rock In Rio [CD1]
1355,Wrathchild,Rock In Rio [CD1]
1356,2 Minutes To Midnight,Rock In Rio [CD1]
1357,Blood Brothers,Rock In Rio [CD1]
1358,Sign Of The Cross,Rock In Rio [CD1]
1359,The Mercenary,Rock In Rio [CD1]
1360,The Trooper,Rock In Rio [CD1]
1361,Dream Of Mirrors,Rock In Rio [CD2]
1362,The Clansman,Rock In Rio [CD2]
1363,The Evil That Men Do,Rock In Rio [CD2]
1364,Fear Of The Dark,Rock In Rio [CD2]
1365,Iron Maiden,Rock In Rio [CD2]
1366,The Number Of The Beast,Rock In Rio [CD2]
1367,Hallowed Be Thy Name,Rock In Rio [CD2]
1368,Sanctuary,Rock In Rio [CD2]
1369,Run To The Hills,Rock In Rio [CD2]
1370,Moonchild,Seventh Son of a Seventh Son
1371,Infinite Dreams,Seventh Son of a Seventh Son
1372,Can I Play With Madness,Seventh Son of a Seventh Son
1373,The Evil That Men Do,Seventh Son of a Seventh Son
1374,Seventh Son of a Seventh Son,Seventh Son of a Seventh Son
1375,The Prophecy,Seventh Son of a Seventh Son
1376,The Clairvoyant,Seventh Son of a Seventh Son
1377,Only the Good Die Young,Seventh Son of a Seventh Son
1378,Caught Somewhere in Time,Somewhere in Time
1379,Wasted Years,Somewhere in Time
1380,Sea of Madness,Somewhere in Time
1381,Heaven Can Wait,Somewhere in Time
1382,Stranger in a Strange Land,Somewhere in Time
1383,Alexander the Great,Somewhere in Time
1384,De Ja Vu,Somewhere in Time
1385,The Loneliness of the Long Dis,Somewhere in Time
1386,22 Acacia Avenue,The Number of The Beast
1387,Children of the Damned,The Number of The Beast
1388,Gangland,The Number of The Beast
1389,Hallowed Be Thy Name,The Number of The Beast
1390,Invaders,The Number of The Beast
1391,Run to the Hills,The Number of The Beast
1392,The Number Of The Beast,The Number of The Beast
1393,The Prisoner,The Number of The Beast
1394,Sign Of The Cross,The X Factor
1395,Lord Of The Flies,The X Factor
1396,Man On The Edge,The X Factor
1397,Fortunes Of War,The X Factor
1398,Look For The Truth,The X Factor
1399,The Aftermath,The X Factor
1400,Judgement Of Heaven,The X Factor
1401,Blood On The World's Hands,The X Factor
1402,The Edge Of Darkness,The X Factor
1403,2 A.M.,The X Factor
1404,The Unbeliever,The X Factor
1405,Futureal,Virtual XI
1406,The Angel And The Gambler,Virtual XI
1407,Lightning Strikes Twice,Virtual XI
1408,The Clansman,Virtual XI
1409,When Two Worlds Collide,Virtual XI
1410,The Educated Fool,Virtual XI
1411,Don't Look To The Eyes Of A Stranger,Virtual XI
1412,Como Estais Amigos,Virtual XI
1413,Please Please Please,Sex Machine
1414,Think,Sex Machine
1415,Night Train,Sex Machine
1416,Out Of Sight,Sex Machine
1417,Papa's Got A Brand New Bag Pt.1,Sex Machine
1418,I Got You (I Feel Good),Sex Machine
1419,It's A Man's Man's Man's World,Sex Machine
1420,Cold Sweat,Sex Machine
1421,"Say It Loud, I'm Black And I'm Proud Pt.1",Sex Machine
1422,Get Up (I Feel Like Being A) Sex Machine,Sex Machine
1423,Hey America,Sex Machine
1424,Make It Funky Pt.1,Sex Machine
1425,I'm A Greedy Man Pt.1,Sex Machine
1426,Get On The Good Foot,Sex Machine
1427,Get Up Offa That Thing,Sex Machine
1428,It's Too Funky In Here,Sex Machine
1429,Living In America,Sex Machine
1430,I'm Real,Sex Machine
1431,Hot Pants Pt.1,Sex Machine
1432,Soul Power (Live),Sex Machine
1433,When You Gonna Learn (Digeridoo),Emergency On Planet Earth
1434,Too Young To Die,Emergency On Planet Earth
1435,Hooked Up,Emergency On Planet Earth
1436,"If I Like It, I Do It",Emergency On Planet Earth
1437,Music Of The Wind,Emergency On Planet Earth
1438,Emergency On Planet Earth,Emergency On Planet Earth
1439,"Whatever It Is, I Just Can't Stop",Emergency On Planet Earth
1440,Blow Your Mind,Emergency On Planet Earth
1441,Revolution 1993,Emergency On Planet Earth
1442,Didgin' Out,Emergency On Planet Earth
1443,Canned Heat,Synkronized
1444,Planet Home,Synkronized
1445,Black Capricorn Day,Synkronized
1446,Soul Education,Synkronized
1447,Failling,Synkronized
1448,Destitute Illusions,Synkronized
1449,Supersonic,Synkronized
1450,Butterfly,Synkronized
1451,Were Do We Go From Here,Synkronized
1452,King For A Day,Synkronized
1453,Deeper Underground,Synkronized
1454,Just Another Story,The Return Of The Space Cowboy
1455,Stillness In Time,The Return Of The Space Cowboy
1456,Half The Man,The Return Of The Space Cowboy
1457,Light Years,The Return Of The Space Cowboy
1458,Manifest Destiny,The Return Of The Space Cowboy
1459,The Kids,The Return Of The Space Cowboy
1460,Mr. Moon,The Return Of The Space Cowboy
1461,Scam,The Return Of The Space Cowboy
1462,Journey To Arnhemland,The Return Of The Space Cowboy
1463,Morning Glory,The Return Of The Space Cowboy
1464,Space Cowboy,The Return Of The Space Cowboy
1465,Last Chance,Get Born
1466,Are You Gonna Be My Girl,Get Born
1467,Rollover D.J.,Get Born
1468,Look What You've Done,Get Born
1469,Get What You Need,Get Born
1470,Move On,Get Born
1471,Radio Song,Get Born
1472,Get Me Outta Here,Get Born
1473,Cold Hard Bitch,Get Born
1474,Come Around Again,Get Born
1475,Take It Or Leave It,Get Born
1476,Lazy Gun,Get Born
1477,Timothy,Get Born
1478,Foxy Lady,Are You Experienced?
1479,Manic Depression,Are You Experienced?
1480,Red House,Are You Experienced?
1481,Can You See Me,Are You Experienced?
1482,Love Or Confusion,Are You Experienced?
1483,I Don't Live Today,Are You Experienced?
1484,May This Be Love,Are You Experienced?
1485,Fire,Are You Experienced?
1486,Third Stone From The Sun,Are You Experienced?
1487,Remember,Are You Experienced?
1488,Are You Experienced?,Are You Experienced?
1489,Hey Joe,Are You Experienced?
1490,Stone Free,Are You Experienced?
1491,Purple Haze,Are You Experienced?
1492,51st Anniversary,Are You Experienced?
1493,The Wind Cries Mary,Are You Experienced?
1494,Highway Chile,Are You Experienced?
1495,Surfing with the Alien,Surfing with the Alien (Remastered)
1496,Ice 9,Surfing with the Alien (Remastered)
1497,Crushing Day,Surfing with the Alien (Remastered)
1498,"Always With Me, Always With You",Surfing with the Alien (Remastered)
1499,Satch Boogie,Surfing with the Alien (Remastered)
1500,Hill of the Skull,Surfing with the Alien (Remastered)
1501,Circles,Surfing with the Alien (Remastered)
1502,Lords of Karma,Surfing with the Alien (Remastered)
1503,Midnight,Surfing with the Alien (Remastered)
1504,Echo,Surfing with the Alien (Remastered)
1505,Engenho De Dentro,Jorge Ben Jor 25 Anos
1506,Alcohol,Jorge Ben Jor 25 Anos
1507,Mama Africa,Jorge Ben Jor 25 Anos
1508,Salve Simpatia,Jorge Ben Jor 25 Anos
1509,W/Brasil (Chama O Síndico),Jorge Ben Jor 25 Anos
1510,País Tropical,Jorge Ben Jor 25 Anos
1511,Os Alquimistas Estão Chegando,Jorge Ben Jor 25 Anos
1512,Charles Anjo 45,Jorge Ben Jor 25 Anos
1513,Selassiê,Jorge Ben Jor 25 Anos
1514,Menina Sarará,Jorge Ben Jor 25 Anos
1515,Que Maravilha,Jorge Ben Jor 25 Anos
1516,Santa Clara Clareou,Jorge Ben Jor 25 Anos
1517,Filho Maravilha,Jorge Ben Jor 25 Anos
1518,Taj Mahal,Jorge Ben Jor 25 Anos
1519,Rapidamente,Jota Quest-1995
1520,As Dores do Mundo,Jota Quest-1995
1521,Vou Pra Ai,Jota Quest-1995
1522,My Brother,Jota Quest-1995
1523,Há Quanto Tempo,Jota Quest-1995
1524,Vício,Jota Quest-1995
1525,Encontrar Alguém,Jota Quest-1995
1526,Dance Enquanto é Tempo,Jota Quest-1995
1527,A Tarde,Jota Quest-1995
1528,Always Be All Right,Jota Quest-1995
1529,Sem Sentido,Jota Quest-1995
1530,Onibusfobia,Jota Quest-1995
1531,Pura Elegancia,Cafezinho
1532,Choramingando,Cafezinho
1533,Por Merecer,Cafezinho
1534,No Futuro,Cafezinho
1535,Voce Inteira,Cafezinho
1536,Cuando A Noite Vai Chegando,Cafezinho
1537,Naquele Dia,Cafezinho
1538,Equinocio,Cafezinho
1539,Papelão,Cafezinho
1540,Cuando Eu For Pro Ceu,Cafezinho
1541,Do Nosso Amor,Cafezinho
1542,Borogodo,Cafezinho
1543,Cafezinho,Cafezinho
1544,Enquanto O Dia Não Vem,Cafezinho
1545,The Green Manalishi,Living After Midnight
1546,Living After Midnight,Living After Midnight
1547,Breaking The Law (Live),Living After Midnight
1548,Hot Rockin',Living After Midnight
1549,Heading Out To The Highway (Live),Living After Midnight
1550,The Hellion,Living After Midnight
1551,Electric Eye,Living After Midnight
1552,You've Got Another Thing Comin',Living After Midnight
1553,Turbo Lover,Living After Midnight
1554,Freewheel Burning,Living After Midnight
1555,Some Heads Are Gonna Roll,Living After Midnight
1556,Metal Meltdown,Living After Midnight
1557,Ram It Down,Living After Midnight
1558,Diamonds And Rust (Live),Living After Midnight
1559,Victim Of Change (Live),Living After Midnight
1560,Tyrant (Live),Living After Midnight
1561,Comin' Home,Unplugged [Live]
1562,Plaster Caster,Unplugged [Live]
1563,Goin' Blind,Unplugged [Live]
1564,Do You Love Me,Unplugged [Live]
1565,Domino,Unplugged [Live]
1566,Sure Know Something,Unplugged [Live]
1567,A World Without Heroes,Unplugged [Live]
1568,Rock Bottom,Unplugged [Live]
1569,See You Tonight,Unplugged [Live]
1570,I Still Love You,Unplugged [Live]
1571,Every Time I Look At You,Unplugged [Live]
1572,"2,000 Man",Unplugged [Live]
1573,Beth,Unplugged [Live]
1574,Nothin' To Lose,Unplugged [Live]
1575,Rock And Roll All Nite,Unplugged [Live]
1576,Immigrant Song,BBC Sessions [Disc 2] [Live]
1577,Heartbreaker,BBC Sessions [Disc 2] [Live]
1578,Since I've Been Loving You,BBC Sessions [Disc 2] [Live]
1579,Black Dog,BBC Sessions [Disc 2] [Live]
1580,Dazed And Confused,BBC Sessions [Disc 2] [Live]
1581,Stairway To Heaven,BBC Sessions [Disc 2] [Live]
1582,Going To California,BBC Sessions [Disc 2] [Live]
1583,That's The Way,BBC Sessions [Disc 2] [Live]
1584,Whole Lotta Love (Medley),BBC Sessions [Disc 2] [Live]
1585,Thank You,BBC Sessions [Disc 2] [Live]
1586,We're Gonna Groove,Coda
1587,Poor Tom,Coda
1588,I Can't Quit You Baby,Coda
1589,Walter's Walk,Coda
1590,Ozone Baby,Coda
1591,Darlene,Coda
1592,Bonzo's Montreux,Coda
1593,Wearing And Tearing,Coda
1594,The Song Remains The Same,Houses Of The Holy
1595,The Rain Song,Houses Of The Holy
1596,Over The Hills And Far Away,Houses Of The Holy
1597,The Crunge,Houses Of The Holy
1598,Dancing Days,Houses Of The Holy
1599,D'Yer Mak'er,Houses Of The Holy
1600,No Quarter,Houses Of The Holy
1601,The Ocean,Houses Of The Holy
1602,In The Evening,In Through The Out Door
1603,South Bound Saurez,In Through The Out Door
1604,Fool In The Rain,In Through The Out Door
1605,Hot Dog,In Through The Out Door
1606,Carouselambra,In Through The Out Door
1607,All My Love,In Through The Out Door
1608,I'm Gonna Crawl,In Through The Out Door
1609,Black Dog,IV
1610,Rock & Roll,IV
1611,The Battle Of Evermore,IV
1612,Stairway To Heaven,IV
1613,Misty Mountain Hop,IV
1614,Four Sticks,IV
1615,Going To California,IV
1616,When The Levee Breaks,IV
1617,Good Times Bad Times,Led Zeppelin I
1618,Babe I'm Gonna Leave You,Led Zeppelin I
1619,You Shook Me,Led Zeppelin I
1620,Dazed and Confused,Led Zeppelin I
1621,Your Time Is Gonna Come,Led Zeppelin I
1622,Black Mountain Side,Led Zeppelin I
1623,Communication Breakdown,Led Zeppelin I
1624,I Can't Quit You Baby,Led Zeppelin I
1625,How Many More Times,Led Zeppelin I
1626,Whole Lotta Love,Led Zeppelin II
1627,What Is And What Should Never Be,Led Zeppelin II
1628,The Lemon Song,Led Zeppelin II
1629,Thank You,Led Zeppelin II
1630,Heartbreaker,Led Zeppelin II
1631,Living Loving Maid (She's Just A Woman),Led Zeppelin II
1632,Ramble On,Led Zeppelin II
1633,Moby Dick,Led Zeppelin II
1634,Bring It On Home,Led Zeppelin II
1635,Immigrant Song,Led Zeppelin III
1636,Friends,Led Zeppelin III
1637,Celebration Day,Led Zeppelin III
1638,Since I've Been Loving You,Led Zeppelin III
1639,Out On The Tiles,Led Zeppelin III
1640,Gallows Pole,Led Zeppelin III
1641,Tangerine,Led Zeppelin III
1642,That's The Way,Led Zeppelin III
1643,Bron-Y-Aur Stomp,Led Zeppelin III
1644,Hats Off To (Roy) Harper,Led Zeppelin III
1645,In The Light,Physical Graffiti [Disc 2]
1646,Bron-Yr-Aur,Physical Graffiti [Disc 2]
1647,Down By The Seaside,Physical Graffiti [Disc 2]
1648,Ten Years Gone,Physical Graffiti [Disc 2]
1649,Night Flight,Physical Graffiti [Disc 2]
1650,The Wanton Song,Physical Graffiti [Disc 2]
1651,Boogie With Stu,Physical Graffiti [Disc 2]
1652,Black Country Woman,Physical Graffiti [Disc 2]
1653,Sick Again,Physical Graffiti [Disc 2]
1654,Achilles Last Stand,Presence
1655,For Your Life,Presence
1656,Royal Orleans,Presence
1657,Nobody's Fault But Mine,Presence
1658,Candy Store Rock,Presence
1659,Hots On For Nowhere,Presence
1660,Tea For One,Presence
1661,Rock & Roll,The Song Remains The Same (Disc 1)
1662,Celebration Day,The Song Remains The Same (Disc 1)
1663,The Song Remains The Same,The Song Remains The Same (Disc 1)
1664,Rain Song,The Song Remains The Same (Disc 1)
1665,Dazed And Confused,The Song Remains The Same (Disc 1)
1666,No Quarter,The Song Remains The Same (Disc 2)
1667,Stairway To Heaven,The Song Remains The Same (Disc 2)
1668,Moby Dick,The Song Remains The Same (Disc 2)
1669,Whole Lotta Love,The Song Remains The Same (Disc 2)
1670,Natália,A TempestadeTempestade Ou O Livro Dos Dias
1671,L'Avventura,A TempestadeTempestade Ou O Livro Dos Dias
1672,Música De Trabalho,A TempestadeTempestade Ou O Livro Dos Dias
1673,Longe Do Meu Lado,A TempestadeTempestade Ou O Livro Dos Dias
1674,A Via Láctea,A TempestadeTempestade Ou O Livro Dos Dias
1675,Música Ambiente,A TempestadeTempestade Ou O Livro Dos Dias
1676,Aloha,A TempestadeTempestade Ou O Livro Dos Dias
1677,Soul Parsifal,A TempestadeTempestade Ou O Livro Dos Dias
1678,Dezesseis,A TempestadeTempestade Ou O Livro Dos Dias
1679,Mil Pedaços,A TempestadeTempestade Ou O Livro Dos Dias
1680,Leila,A TempestadeTempestade Ou O Livro Dos Dias
1681,1º De Julho,A TempestadeTempestade Ou O Livro Dos Dias
1682,Esperando Por Mim,A TempestadeTempestade Ou O Livro Dos Dias
1683,Quando Você Voltar,A TempestadeTempestade Ou O Livro Dos Dias
1684,O Livro Dos Dias,A TempestadeTempestade Ou O Livro Dos Dias
1685,Será,Mais Do Mesmo
1686,Ainda É Cedo,Mais Do Mesmo
1687,Geração Coca-Cola,Mais Do Mesmo
1688,Eduardo E Mônica,Mais Do Mesmo
1689,Tempo Perdido,Mais Do Mesmo
1690,Indios,Mais Do Mesmo
1691,Que País É Este,Mais Do Mesmo
1692,Faroeste Caboclo,Mais Do Mesmo
1693,Há Tempos,Mais Do Mesmo
1694,Pais E Filhos,Mais Do Mesmo
1695,Meninos E Meninas,Mais Do Mesmo
1696,Vento No Litoral,Mais Do Mesmo
1697,Perfeição,Mais Do Mesmo
1698,Giz,Mais Do Mesmo
1699,Dezesseis,Mais Do Mesmo
1700,Antes Das Seis,Mais Do Mesmo
1701,Are You Gonna Go My Way,Greatest Hits
1702,Fly Away,Greatest Hits
1703,Rock And Roll Is Dead,Greatest Hits
1704,Again,Greatest Hits
1705,It Ain't Over 'Til It's Over,Greatest Hits
1706,Can't Get You Off My Mind,Greatest Hits
1707,Mr. Cab Driver,Greatest Hits
1708,American Woman,Greatest Hits
1709,Stand By My Woman,Greatest Hits
1710,Always On The Run,Greatest Hits
1711,Heaven Help,Greatest Hits
1712,I Belong To You,Greatest Hits
1713,Believe,Greatest Hits
1714,Let Love Rule,Greatest Hits
1715,Black Velveteen,Greatest Hits
1716,Assim Caminha A Humanidade,Lulu Santos - RCA 100 Anos De Música - Álbum 01
1717,Honolulu,Lulu Santos - RCA 100 Anos De Música - Álbum 02
1718,Dancin´Days,Lulu Santos - RCA 100 Anos De Música - Álbum 02
1719,Um Pro Outro,Lulu Santos - RCA 100 Anos De Música - Álbum 01
1720,Aviso Aos Navegantes,Lulu Santos - RCA 100 Anos De Música - Álbum 02
1721,Casa,Lulu Santos - RCA 100 Anos De Música - Álbum 01
1722,Condição,Lulu Santos - RCA 100 Anos De Música - Álbum 01
1723,Hyperconectividade,Lulu Santos - RCA 100 Anos De Música - Álbum 02
1724,O Descobridor Dos Sete Mares,Lulu Santos - RCA 100 Anos De Música - Álbum 02
1725,Satisfação,Lulu Santos - RCA 100 Anos De Música - Álbum 01
1726,Brumário,Lulu Santos - RCA 100 Anos De Música - Álbum 01
1727,Um Certo Alguém,Lulu Santos - RCA 100 Anos De Música - Álbum 02
1728,Fullgás,Lulu Santos - RCA 100 Anos De Música - Álbum 02
1729,Sábado À Noite,Lulu Santos - RCA 100 Anos De Música - Álbum 01
1730,A Cura,Lulu Santos - RCA 100 Anos De Música - Álbum 01
1731,Aquilo,Lulu Santos - RCA 100 Anos De Música - Álbum 02
1732,Atrás Do Trio Elétrico,Lulu Santos - RCA 100 Anos De Música - Álbum 01
1733,Senta A Pua,Lulu Santos - RCA 100 Anos De Música - Álbum 02
1734,Ro-Que-Se-Da-Ne,Lulu Santos - RCA 100 Anos De Música - Álbum 02
1735,Tudo Bem,Lulu Santos - RCA 100 Anos De Música - Álbum 01
1736,Toda Forma De Amor,Lulu Santos - RCA 100 Anos De Música - Álbum 01
1737,Tudo Igual,Lulu Santos - RCA 100 Anos De Música - Álbum 02
1738,Fogo De Palha,Lulu Santos - RCA 100 Anos De Música - Álbum 02
1739,Sereia,Lulu Santos - RCA 100 Anos De Música - Álbum 01
1740,Assaltaram A Gramática,Lulu Santos - RCA 100 Anos De Música - Álbum 02
1741,Se Você Pensa,Lulu Santos - RCA 100 Anos De Música - Álbum 01
1742,Lá Vem O Sol (Here Comes The Sun),Lulu Santos - RCA 100 Anos De Música - Álbum 01
1743,O Último Romântico (Ao Vivo),Lulu Santos - RCA 100 Anos De Música - Álbum 02
1744,Pseudo Silk Kimono,Misplaced Childhood
1745,Kayleigh,Misplaced Childhood
1746,Lavender,Misplaced Childhood
1747,Bitter Suite: Brief Encounter / Lost Weekend / Blue Angel,Misplaced Childhood
1748,Heart Of Lothian: Wide Boy / Curtain Call,Misplaced Childhood
1749,Waterhole (Expresso Bongo),Misplaced Childhood
1750,Lords Of The Backstage,Misplaced Childhood
1751,Blind Curve: Vocal Under A Bloodlight / Passing Strangers / Mylo / Perimeter Walk / Threshold,Misplaced Childhood
1752,Childhoods End?,Misplaced Childhood
1753,White Feather,Misplaced Childhood
1754,Arrepio,Barulhinho Bom
1755,Magamalabares,Barulhinho Bom
1756,Chuva No Brejo,Barulhinho Bom
1757,Cérebro Eletrônico,Barulhinho Bom
1758,Tempos Modernos,Barulhinho Bom
1759,Maraçá,Barulhinho Bom
1760,Blanco,Barulhinho Bom
1761,Panis Et Circenses,Barulhinho Bom
1762,De Noite Na Cama,Barulhinho Bom
1763,Beija Eu,Barulhinho Bom
1764,Give Me Love,Barulhinho Bom
1765,Ainda Lembro,Barulhinho Bom
1766,A Menina Dança,Barulhinho Bom
1767,Dança Da Solidão,Barulhinho Bom
1768,Ao Meu Redor,Barulhinho Bom
1769,Bem Leve,Barulhinho Bom
1770,Segue O Seco,Barulhinho Bom
1771,O Xote Das Meninas,Barulhinho Bom
1772,Wherever I Lay My Hat,Seek And Shall Find: More Of The Best (1963-1981)
1773,Get My Hands On Some Lovin',Seek And Shall Find: More Of The Best (1963-1981)
1774,No Good Without You,Seek And Shall Find: More Of The Best (1963-1981)
1775,You've Been A Long Time Coming,Seek And Shall Find: More Of The Best (1963-1981)
1776,When I Had Your Love,Seek And Shall Find: More Of The Best (1963-1981)
1777,You're What's Happening (In The World Today),Seek And Shall Find: More Of The Best (1963-1981)
1778,Loving You Is Sweeter Than Ever,Seek And Shall Find: More Of The Best (1963-1981)
1779,It's A Bitter Pill To Swallow,Seek And Shall Find: More Of The Best (1963-1981)
1780,Seek And You Shall Find,Seek And Shall Find: More Of The Best (1963-1981)
1781,Gonna Keep On Tryin' Till I Win Your Love,Seek And Shall Find: More Of The Best (1963-1981)
1782,Gonna Give Her All The Love I've Got,Seek And Shall Find: More Of The Best (1963-1981)
1783,I Wish It Would Rain,Seek And Shall Find: More Of The Best (1963-1981)
1784,"Abraham, Martin And John",Seek And Shall Find: More Of The Best (1963-1981)
1785,Save The Children,Seek And Shall Find: More Of The Best (1963-1981)
1786,You Sure Love To Ball,Seek And Shall Find: More Of The Best (1963-1981)
1787,Ego Tripping Out,Seek And Shall Find: More Of The Best (1963-1981)
1788,Praise,Seek And Shall Find: More Of The Best (1963-1981)
1789,Heavy Love Affair,Seek And Shall Find: More Of The Best (1963-1981)
1790,Down Under,The Best Of Men At Work
1791,Overkill,The Best Of Men At Work
1792,Be Good Johnny,The Best Of Men At Work
1793,Everything I Need,The Best Of Men At Work
1794,Down by the Sea,The Best Of Men At Work
1795,Who Can It Be Now?,The Best Of Men At Work
1796,It's a Mistake,The Best Of Men At Work
1797,Dr. Heckyll & Mr. Jive,The Best Of Men At Work
1798,Shakes and Ladders,The Best Of Men At Work
1799,No Sign of Yesterday,The Best Of Men At Work
1800,Enter Sandman,Black Album
1801,Sad But True,Black Album
1802,Holier Than Thou,Black Album
1803,The Unforgiven,Black Album
1804,Wherever I May Roam,Black Album
1805,Don't Tread On Me,Black Album
1806,Through The Never,Black Album
1807,Nothing Else Matters,Black Album
1808,Of Wolf And Man,Black Album
1809,The God That Failed,Black Album
1810,My Friend Of Misery,Black Album
1811,The Struggle Within,Black Album
1812,Helpless,Garage Inc. (Disc 2)
1813,The Small Hours,Garage Inc. (Disc 2)
1814,The Wait,Garage Inc. (Disc 2)
1815,Crash Course In Brain Surgery,Garage Inc. (Disc 2)
1816,Last Caress/Green Hell,Garage Inc. (Disc 2)
1817,Am I Evil?,Garage Inc. (Disc 2)
1818,Blitzkrieg,Garage Inc. (Disc 2)
1819,Breadfan,Garage Inc. (Disc 2)
1820,The Prince,Garage Inc. (Disc 2)
1821,Stone Cold Crazy,Garage Inc. (Disc 2)
1822,So What,Garage Inc. (Disc 2)
1823,Killing Time,Garage Inc. (Disc 2)
1824,Overkill,Garage Inc. (Disc 2)
1825,Damage Case,Garage Inc. (Disc 2)
1826,Stone Dead Forever,Garage Inc. (Disc 2)
1827,Too Late Too Late,Garage Inc. (Disc 2)
1828,Hit The Lights,Kill 'Em All
1829,The Four Horsemen,Kill 'Em All
1830,Motorbreath,Kill 'Em All
1831,Jump In The Fire,Kill 'Em All
1832,(Anesthesia) Pulling Teeth,Kill 'Em All
1833,Whiplash,Kill 'Em All
1834,Phantom Lord,Kill 'Em All
1835,No Remorse,Kill 'Em All
1836,Seek & Destroy,Kill 'Em All
1837,Metal Militia,Kill 'Em All
1838,Ain't My Bitch,Load
1839,2 X 4,Load
1840,The House Jack Built,Load
1841,Until It Sleeps,Load
1842,King Nothing,Load
1843,Hero Of The Day,Load
1844,Bleeding Me,Load
1845,Cure,Load
1846,Poor Twisted Me,Load
1847,Wasted My Hate,Load
1848,Mama Said,Load
1849,Thorn Within,Load
1850,Ronnie,Load
1851,The Outlaw Torn,Load
1852,Battery,Master Of Puppets
1853,Master Of Puppets,Master Of Puppets
1854,The Thing That Should Not Be,Master Of Puppets
1855,Welcome Home (Sanitarium),Master Of Puppets
1856,Disposable Heroes,Master Of Puppets
1857,Leper Messiah,Master Of Puppets
1858,Orion,Master Of Puppets
1859,Damage Inc.,Master Of Puppets
1860,Fuel,ReLoad
1861,The Memory Remains,ReLoad
1862,Devil's Dance,ReLoad
1863,The Unforgiven II,ReLoad
1864,Better Than You,ReLoad
1865,Slither,ReLoad
1866,Carpe Diem Baby,ReLoad
1867,Bad Seed,ReLoad
1868,Where The Wild Things Are,ReLoad
1869,Prince Charming,ReLoad
1870,Low Man's Lyric,ReLoad
1871,Attitude,ReLoad
1872,Fixxxer,ReLoad
1873,Fight Fire With Fire,Ride The Lightning
1874,Ride The Lightning,Ride The Lightning
1875,For Whom The Bell Tolls,Ride The Lightning
1876,Fade To Black,Ride The Lightning
1877,Trapped Under Ice,Ride The Lightning
1878,Escape,Ride The Lightning
1879,Creeping Death,Ride The Lightning
1880,The Call Of Ktulu,Ride The Lightning
1881,Frantic,St. Anger
1882,St. Anger,St. Anger
1883,Some Kind Of Monster,St. Anger
1884,Dirty Window,St. Anger
1885,Invisible Kid,St. Anger
1886,My World,St. Anger
1887,Shoot Me Again,St. Anger
1888,Sweet Amber,St. Anger
1889,The Unnamed Feeling,St. Anger
1890,Purify,St. Anger
1891,All Within My Hands,St. Anger
1892,Blackened,...And Justice For All
1893,...And Justice For All,...And Justice For All
1894,Eye Of The Beholder,...And Justice For All
1895,One,...And Justice For All
1896,The Shortest Straw,...And Justice For All
1897,Harvester Of Sorrow,...And Justice For All
1898,The Frayed Ends Of Sanity,...And Justice For All
1899,To Live Is To Die,...And Justice For All
1900,Dyers Eve,...And Justice For All
1901,Springsville,Miles Ahead
1902,The Maids Of Cadiz,Miles Ahead
1903,The Duke,Miles Ahead
1904,My Ship,Miles Ahead
1905,Miles Ahead,Miles Ahead
1906,Blues For Pablo,Miles Ahead
1907,New Rhumba,Miles Ahead
1908,The Meaning Of The Blues,Miles Ahead
1909,Lament,Miles Ahead
1910,I Don't Wanna Be Kissed (By Anyone But You),Miles Ahead
1911,Springsville (Alternate Take),Miles Ahead
1912,Blues For Pablo (Alternate Take),Miles Ahead
1913,The Meaning Of The Blues/Lament (Alternate Take),Miles Ahead
1914,I Don't Wanna Be Kissed (By Anyone But You) (Alternate Take),Miles Ahead
1915,Coração De Estudante,Milton Nascimento Ao Vivo
1916,A Noite Do Meu Bem,Milton Nascimento Ao Vivo
1917,Paisagem Na Janela,Milton Nascimento Ao Vivo
1918,Cuitelinho,Milton Nascimento Ao Vivo
1919,Caxangá,Milton Nascimento Ao Vivo
1920,Nos Bailes Da Vida,Milton Nascimento Ao Vivo
1921,Menestrel Das Alagoas,Milton Nascimento Ao Vivo
1922,Brasil,Milton Nascimento Ao Vivo
1923,Canção Do Novo Mundo,Milton Nascimento Ao Vivo
1924,Um Gosto De Sol,Milton Nascimento Ao Vivo
1925,Solar,Milton Nascimento Ao Vivo
1926,Para Lennon E McCartney,Milton Nascimento Ao Vivo
1927,"Maria, Maria",Milton Nascimento Ao Vivo
1928,Minas,Minas
1929,"Fé Cega, Faca Amolada",Minas
1930,Beijo Partido,Minas
1931,Saudade Dos Aviões Da Panair (Conversando No Bar),Minas
1932,Gran Circo,Minas
1933,Ponta de Areia,Minas
1934,Trastevere,Minas
1935,Idolatrada,Minas
1936,Leila (Venha Ser Feliz),Minas
1937,Paula E Bebeto,Minas
1938,Simples,Minas
1939,Norwegian Wood,Minas
1940,Caso Você Queira Saber,Minas
1941,Ace Of Spades,Ace Of Spades
1942,Love Me Like A Reptile,Ace Of Spades
1943,Shoot You In The Back,Ace Of Spades
1944,Live To Win,Ace Of Spades
1945,Fast And Loose,Ace Of Spades
1946,(We Are) The Road Crew,Ace Of Spades
1947,Fire Fire,Ace Of Spades
1948,Jailbait,Ace Of Spades
1949,Dance,Ace Of Spades
1950,Bite The Bullet,Ace Of Spades
1951,The Chase Is Better Than The Catch,Ace Of Spades
1952,The Hammer,Ace Of Spades
1953,Dirty Love,Ace Of Spades
1954,Please Don't Touch,Ace Of Spades
1955,Emergency,Ace Of Spades
1956,Kir Royal,Demorou...
1957,O Que Vai Em Meu Coração,Demorou...
1958,Aos Leões,Demorou...
1959,Dois Índios,Demorou...
1960,Noite Negra,Demorou...
1961,Beijo do Olhar,Demorou...
1962,É Fogo,Demorou...
1963,Já Foi,Demorou...
1964,Só Se For Pelo Cabelo,Demorou...
1965,No Clima,Demorou...
1966,A Moça e a Chuva,Demorou...
1967,Demorou!,Demorou...
1968,Bitter Pill,Motley Crue Greatest Hits
1969,Enslaved,Motley Crue Greatest Hits
1970,"Girls, Girls, Girls",Motley Crue Greatest Hits
1971,Kickstart My Heart,Motley Crue Greatest Hits
1972,Wild Side,Motley Crue Greatest Hits
1973,Glitter,Motley Crue Greatest Hits
1974,Dr. Feelgood,Motley Crue Greatest Hits
1975,Same Ol' Situation,Motley Crue Greatest Hits
1976,Home Sweet Home,Motley Crue Greatest Hits
1977,Afraid,Motley Crue Greatest Hits
1978,Don't Go Away Mad (Just Go Away),Motley Crue Greatest Hits
1979,Without You,Motley Crue Greatest Hits
1980,Smokin' in The Boys Room,Motley Crue Greatest Hits
1981,Primal Scream,Motley Crue Greatest Hits
1982,Too Fast For Love,Motley Crue Greatest Hits
1983,Looks That Kill,Motley Crue Greatest Hits
1984,Shout At The Devil,Motley Crue Greatest Hits
1985,Intro,From The Muddy Banks Of The Wishkah [Live]
1986,School,From The Muddy Banks Of The Wishkah [Live]
1987,Drain You,From The Muddy Banks Of The Wishkah [Live]
1988,Aneurysm,From The Muddy Banks Of The Wishkah [Live]
1989,Smells Like Teen Spirit,From The Muddy Banks Of The Wishkah [Live]
1990,Been A Son,From The Muddy Banks Of The Wishkah [Live]
1991,Lithium,From The Muddy Banks Of The Wishkah [Live]
1992,Sliver,From The Muddy Banks Of The Wishkah [Live]
1993,Spank Thru,From The Muddy Banks Of The Wishkah [Live]
1994,Scentless Apprentice,From The Muddy Banks Of The Wishkah [Live]
1995,Heart-Shaped Box,From The Muddy Banks Of The Wishkah [Live]
1996,Milk It,From The Muddy Banks Of The Wishkah [Live]
1997,Negative Creep,From The Muddy Banks Of The Wishkah [Live]
1998,Polly,From The Muddy Banks Of The Wishkah [Live]
1999,Breed,From The Muddy Banks Of The Wishkah [Live]
2000,Tourette's,From The Muddy Banks Of The Wishkah [Live]
2001,Blew,From The Muddy Banks Of The Wishkah [Live]
2002,Smells Like Teen Spirit,Nevermind
2003,In Bloom,Nevermind
2004,Come As You Are,Nevermind
2005,Breed,Nevermind
2006,Lithium,Nevermind
2007,Polly,Nevermind
2008,Territorial Pissings,Nevermind
2009,Drain You,Nevermind
2010,Lounge Act,Nevermind
2011,Stay Away,Nevermind
2012,On A Plain,Nevermind
2013,Something In The Way,Nevermind
2014,Time,Compositores
2015,P.S.Apareça,Compositores
2016,Sangue Latino,Compositores
2017,Folhas Secas,Compositores
2018,Poeira,Compositores
2019,Mágica,Compositores
2020,Quem Mata A Mulher Mata O Melhor,Compositores
2021,Mundaréu,Compositores
2022,O Braço Da Minha Guitarra,Compositores
2023,Deus,Compositores
2024,Mãe Terra,Compositores
2025,Às Vezes,Compositores
2026,Menino De Rua,Compositores
2027,Prazer E Fé,Compositores
2028,Elza,Compositores
2029,Requebra,Olodum
2030,Nossa Gente (Avisa Là),Olodum
2031,Olodum - Alegria Geral,Olodum
2032,Madagáscar Olodum,Olodum
2033,Faraó Divindade Do Egito,Olodum
2034,Todo Amor (Asas Da Liberdade),Olodum
2035,Denúncia,Olodum
2036,"Olodum, A Banda Do Pelô",Olodum
2037,Cartao Postal,Olodum
2038,Jeito Faceiro,Olodum
2039,Revolta Olodum,Olodum
2040,Reggae Odoyá,Olodum
2041,Protesto Do Olodum (Ao Vivo),Olodum
2042,Olodum - Smile (Instrumental),Olodum
2043,Vulcão Dub - Fui Eu,Acústico MTV
2044,O Trem Da Juventude,Acústico MTV
2045,Manguetown,Acústico MTV
2046,"Um Amor, Um Lugar",Acústico MTV
2047,Bora-Bora,Acústico MTV
2048,Vai Valer,Acústico MTV
2049,I Feel Good (I Got You) - Sossego,Acústico MTV
2050,Uns Dias,Acústico MTV
2051,Sincero Breu,Acústico MTV
2052,Meu Erro,Acústico MTV
2053,Selvagem,Acústico MTV
2054,Brasília 5:31,Acústico MTV
2055,Tendo A Lua,Acústico MTV
2056,Que País É Este,Acústico MTV
2057,Navegar Impreciso,Acústico MTV
2058,Feira Moderna,Acústico MTV
2059,Tequila - Lourinha Bombril (Parate Y Mira),Acústico MTV
2060,Vamo Batê Lata,Acústico MTV
2061,Life During Wartime,Acústico MTV
2062,Nebulosa Do Amor,Acústico MTV
2063,Caleidoscópio,Acústico MTV
2064,Trac Trac,Arquivo II
2065,Tendo A Lua,Arquivo II
2066,Mensagen De Amor (2000),Arquivo II
2067,Lourinha Bombril,Arquivo II
2068,La Bella Luna,Arquivo II
2069,Busca Vida,Arquivo II
2070,Uma Brasileira,Arquivo II
2071,Luis Inacio (300 Picaretas),Arquivo II
2072,Saber Amar,Arquivo II
2073,Ela Disse Adeus,Arquivo II
2074,O Amor Nao Sabe Esperar,Arquivo II
2075,Aonde Quer Que Eu Va,Arquivo II
2076,Caleidoscópio,Arquivo Os Paralamas Do Sucesso
2077,Óculos,Arquivo Os Paralamas Do Sucesso
2078,Cinema Mudo,Arquivo Os Paralamas Do Sucesso
2079,Alagados,Arquivo Os Paralamas Do Sucesso
2080,Lanterna Dos Afogados,Arquivo Os Paralamas Do Sucesso
2081,Melô Do Marinheiro,Arquivo Os Paralamas Do Sucesso
2082,Vital E Sua Moto,Arquivo Os Paralamas Do Sucesso
2083,O Beco,Arquivo Os Paralamas Do Sucesso
2084,Meu Erro,Arquivo Os Paralamas Do Sucesso
2085,Perplexo,Arquivo Os Paralamas Do Sucesso
2086,Me Liga,Arquivo Os Paralamas Do Sucesso
2087,Quase Um Segundo,Arquivo Os Paralamas Do Sucesso
2088,Selvagem,Arquivo Os Paralamas Do Sucesso
2089,Romance Ideal,Arquivo Os Paralamas Do Sucesso
2090,Será Que Vai Chover?,Arquivo Os Paralamas Do Sucesso
2091,SKA,Arquivo Os Paralamas Do Sucesso
2092,Bark at the Moon,Bark at the Moon (Remastered)
2093,I Don't Know,Blizzard of Ozz
2094,Crazy Train,Blizzard of Ozz
2095,Flying High Again,Diary of a Madman (Remastered)
2096,"Mama, I'm Coming Home",No More Tears (Remastered)
2097,No More Tears,No More Tears (Remastered)
2098,I Don't Know,Tribute
2099,Crazy Train,Tribute
2100,Believer,Tribute
2101,Mr. Crowley,Tribute
2102,Flying High Again,Tribute
2103,Relvelation (Mother Earth),Tribute
2104,Steal Away (The Night),Tribute
2105,Suicide Solution (With Guitar Solo),Tribute
2106,Iron Man,Tribute
2107,Children Of The Grave,Tribute
2108,Paranoid,Tribute
2109,Goodbye To Romance,Tribute
2110,No Bone Movies,Tribute
2111,Dee,Tribute
2112,Shining In The Light,Walking Into Clarksdale
2113,When The World Was Young,Walking Into Clarksdale
2114,Upon A Golden Horse,Walking Into Clarksdale
2115,Blue Train,Walking Into Clarksdale
2116,Please Read The Letter,Walking Into Clarksdale
2117,Most High,Walking Into Clarksdale
2118,Heart In Your Hand,Walking Into Clarksdale
2119,Walking Into Clarksdale,Walking Into Clarksdale
2120,Burning Up,Walking Into Clarksdale
2121,When I Was A Child,Walking Into Clarksdale
2122,House Of Love,Walking Into Clarksdale
2123,Sons Of Freedom,Walking Into Clarksdale
2124,United Colours,Original Soundtracks 1
2125,Slug,Original Soundtracks 1
2126,Your Blue Room,Original Soundtracks 1
2127,Always Forever Now,Original Soundtracks 1
2128,A Different Kind Of Blue,Original Soundtracks 1
2129,Beach Sequence,Original Soundtracks 1
2130,Miss Sarajevo,Original Soundtracks 1
2131,Ito Okashi,Original Soundtracks 1
2132,One Minute Warning,Original Soundtracks 1
2133,Corpse (These Chains Are Way Too Long),Original Soundtracks 1
2134,Elvis Ate America,Original Soundtracks 1
2135,Plot 180,Original Soundtracks 1
2136,Theme From The Swan,Original Soundtracks 1
2137,Theme From Let's Go Native,Original Soundtracks 1
2138,Wrathchild,The Beast Live
2139,Killers,The Beast Live
2140,Prowler,The Beast Live
2141,Murders In The Rue Morgue,The Beast Live
2142,Women In Uniform,The Beast Live
2143,Remember Tomorrow,The Beast Live
2144,Sanctuary,The Beast Live
2145,Running Free,The Beast Live
2146,Phantom Of The Opera,The Beast Live
2147,Iron Maiden,The Beast Live
2148,Corduroy,Live On Two Legs [Live]
2149,Given To Fly,Live On Two Legs [Live]
2150,"Hail, Hail",Live On Two Legs [Live]
2151,Daughter,Live On Two Legs [Live]
2152,Elderly Woman Behind The Counter In A Small Town,Live On Two Legs [Live]
2153,Untitled,Live On Two Legs [Live]
2154,MFC,Live On Two Legs [Live]
2155,Go,Live On Two Legs [Live]
2156,Red Mosquito,Live On Two Legs [Live]
2157,Even Flow,Live On Two Legs [Live]
2158,Off He Goes,Live On Two Legs [Live]
2159,Nothingman,Live On Two Legs [Live]
2160,Do The Evolution,Live On Two Legs [Live]
2161,Better Man,Live On Two Legs [Live]
2162,Black,Live On Two Legs [Live]
2163,F*Ckin' Up,Live On Two Legs [Live]
2164,Life Wasted,Pearl Jam
2165,World Wide Suicide,Pearl Jam
2166,Comatose,Pearl Jam
2167,Severed Hand,Pearl Jam
2168,Marker In The Sand,Pearl Jam
2169,Parachutes,Pearl Jam
2170,Unemployable,Pearl Jam
2171,Big Wave,Pearl Jam
2172,Gone,Pearl Jam
2173,Wasted Reprise,Pearl Jam
2174,Army Reserve,Pearl Jam
2175,Come Back,Pearl Jam
2176,Inside Job,Pearl Jam
2177,Can't Keep,Riot Act
2178,Save You,Riot Act
2179,Love Boat Captain,Riot Act
2180,Cropduster,Riot Act
2181,Ghost,Riot Act
2182,I Am Mine,Riot Act
2183,Thumbing My Way,Riot Act
2184,You Are,Riot Act
2185,Get Right,Riot Act
2186,Green Disease,Riot Act
2187,Help Help,Riot Act
2188,Bushleager,Riot Act
2189,1/2 Full,Riot Act
2190,Arc,Riot Act
2191,All or None,Riot Act
2192,Once,Ten
2193,Evenflow,Ten
2194,Alive,Ten
2195,Why Go,Ten
2196,Black,Ten
2197,Jeremy,Ten
2198,Oceans,Ten
2199,Porch,Ten
2200,Garden,Ten
2201,Deep,Ten
2202,Release,Ten
2203,Go,Vs.
2204,Animal,Vs.
2205,Daughter,Vs.
2206,Glorified G,Vs.
2207,Dissident,Vs.
2208,W.M.A.,Vs.
2209,Blood,Vs.
2210,Rearviewmirror,Vs.
2211,Rats,Vs.
2212,Elderly Woman Behind The Counter In A Small Town,Vs.
2213,Leash,Vs.
2214,Indifference,Vs.
2215,Johnny B. Goode,Greatest Hits
2216,Don't Look Back,Greatest Hits
2217,Jah Seh No,Greatest Hits
2218,I'm The Toughest,Greatest Hits
2219,Nothing But Love,Greatest Hits
2220,Buk-In-Hamm Palace,Greatest Hits
2221,Bush Doctor,Greatest Hits
2222,Wanted Dread And Alive,Greatest Hits
2223,Mystic Man,Greatest Hits
2224,Coming In Hot,Greatest Hits
2225,Pick Myself Up,Greatest Hits
2226,Crystal Ball,Greatest Hits
2227,Equal Rights Downpresser Man,Greatest Hits
2228,Speak To Me/Breathe,Dark Side Of The Moon
2229,On The Run,Dark Side Of The Moon
2230,Time,Dark Side Of The Moon
2231,The Great Gig In The Sky,Dark Side Of The Moon
2232,Money,Dark Side Of The Moon
2233,Us And Them,Dark Side Of The Moon
2234,Any Colour You Like,Dark Side Of The Moon
2235,Brain Damage,Dark Side Of The Moon
2236,Eclipse,Dark Side Of The Moon
2237,ZeroVinteUm,Os Cães Ladram Mas A Caravana Não Pára
2238,Queimando Tudo,Os Cães Ladram Mas A Caravana Não Pára
2239,Hip Hop Rio,Os Cães Ladram Mas A Caravana Não Pára
2240,Bossa,Os Cães Ladram Mas A Caravana Não Pára
2241,100% HardCore,Os Cães Ladram Mas A Caravana Não Pára
2242,Biruta,Os Cães Ladram Mas A Caravana Não Pára
2243,Mão Na Cabeça,Os Cães Ladram Mas A Caravana Não Pára
2244,O Bicho Tá Pregando,Os Cães Ladram Mas A Caravana Não Pára
2245,Adoled (Ocean),Os Cães Ladram Mas A Caravana Não Pára
2246,Seus Amigos,Os Cães Ladram Mas A Caravana Não Pára
2247,Paga Pau,Os Cães Ladram Mas A Caravana Não Pára
2248,Rappers Reais,Os Cães Ladram Mas A Caravana Não Pára
2249,Nega Do Cabelo Duro,Os Cães Ladram Mas A Caravana Não Pára
2250,Hemp Family,Os Cães Ladram Mas A Caravana Não Pára
2251,Quem Me Cobrou?,Os Cães Ladram Mas A Caravana Não Pára
2252,Se Liga,Os Cães Ladram Mas A Caravana Não Pára
2253,Bohemian Rhapsody,Greatest Hits I
2254,Another One Bites The Dust,Greatest Hits I
2255,Killer Queen,Greatest Hits I
2256,Fat Bottomed Girls,Greatest Hits I
2257,Bicycle Race,Greatest Hits I
2258,You're My Best Friend,Greatest Hits I
2259,Don't Stop Me Now,Greatest Hits I
2260,Save Me,Greatest Hits I
2261,Crazy Little Thing Called Love,Greatest Hits I
2262,Somebody To Love,Greatest Hits I
2263,Now I'm Here,Greatest Hits I
2264,Good Old-Fashioned Lover Boy,Greatest Hits I
2265,Play The Game,Greatest Hits I
2266,Flash,Greatest Hits I
2267,Seven Seas Of Rhye,Greatest Hits I
2268,We Will Rock You,Greatest Hits I
2269,We Are The Champions,Greatest Hits I
2270,We Will Rock You,News Of The World
2271,We Are The Champions,News Of The World
2272,Sheer Heart Attack,News Of The World
2273,"All Dead, All Dead",News Of The World
2274,Spread Your Wings,News Of The World
2275,Fight From The Inside,News Of The World
2276,"Get Down, Make Love",News Of The World
2277,Sleep On The Sidewalk,News Of The World
2278,Who Needs You,News Of The World
2279,It's Late,News Of The World
2280,My Melancholy Blues,News Of The World
2281,Shiny Happy People,Out Of Time
2282,Me In Honey,Out Of Time
2283,Radio Song,Out Of Time
2284,Pop Song 89,Green
2285,Get Up,Green
2286,You Are The Everything,Green
2287,Stand,Green
2288,World Leader Pretend,Green
2289,The Wrong Child,Green
2290,Orange Crush,Green
2291,Turn You Inside-Out,Green
2292,Hairshirt,Green
2293,I Remember California,Green
2294,Untitled,Green
2295,How The West Was Won And Where It Got Us,New Adventures In Hi-Fi
2296,The Wake-Up Bomb,New Adventures In Hi-Fi
2297,New Test Leper,New Adventures In Hi-Fi
2298,Undertow,New Adventures In Hi-Fi
2299,E-Bow The Letter,New Adventures In Hi-Fi
2300,Leave,New Adventures In Hi-Fi
2301,Departure,New Adventures In Hi-Fi
2302,Bittersweet Me,New Adventures In Hi-Fi
2303,Be Mine,New Adventures In Hi-Fi
2304,Binky The Doormat,New Adventures In Hi-Fi
2305,Zither,New Adventures In Hi-Fi
2306,"So Fast, So Numb",New Adventures In Hi-Fi
2307,Low Desert,New Adventures In Hi-Fi
2308,Electrolite,New Adventures In Hi-Fi
2309,Losing My Religion,Out Of Time
2310,Low,Out Of Time
2311,Near Wild Heaven,Out Of Time
2312,Endgame,Out Of Time
2313,Belong,Out Of Time
2314,Half A World Away,Out Of Time
2315,Texarkana,Out Of Time
2316,Country Feedback,Out Of Time
2317,Carnival Of Sorts,The Best Of R.E.M.: The IRS Years
2318,Radio Free Aurope,The Best Of R.E.M.: The IRS Years
2319,Perfect Circle,The Best Of R.E.M.: The IRS Years
2320,Talk About The Passion,The Best Of R.E.M.: The IRS Years
2321,So Central Rain,The Best Of R.E.M.: The IRS Years
2322,Don't Go Back To Rockville,The Best Of R.E.M.: The IRS Years
2323,Pretty Persuasion,The Best Of R.E.M.: The IRS Years
2324,Green Grow The Rushes,The Best Of R.E.M.: The IRS Years
2325,Can't Get There From Here,The Best Of R.E.M.: The IRS Years
2326,Driver 8,The Best Of R.E.M.: The IRS Years
2327,Fall On Me,The Best Of R.E.M.: The IRS Years
2328,I Believe,The Best Of R.E.M.: The IRS Years
2329,Cuyahoga,The Best Of R.E.M.: The IRS Years
2330,The One I Love,The Best Of R.E.M.: The IRS Years
2331,The Finest Worksong,The Best Of R.E.M.: The IRS Years
2332,It's The End Of The World As We Know It (And I Feel Fine),The Best Of R.E.M.: The IRS Years
2333,Infeliz Natal,Cesta Básica
2334,A Sua,Cesta Básica
2335,Papeau Nuky Doe,Cesta Básica
2336,Merry Christmas,Cesta Básica
2337,Bodies,Cesta Básica
2338,Puteiro Em João Pessoa,Cesta Básica
2339,Esporrei Na Manivela,Cesta Básica
2340,Bê-a-Bá,Cesta Básica
2341,Cajueiro,Cesta Básica
2342,Palhas Do Coqueiro,Cesta Básica
2343,Maluco Beleza,Raul Seixas
2344,O Dia Em Que A Terra Parou,Raul Seixas
2345,No Fundo Do Quintal Da Escola,Raul Seixas
2346,O Segredo Do Universo,Raul Seixas
2347,As Profecias,Raul Seixas
2348,Mata Virgem,Raul Seixas
2349,Sapato 36,Raul Seixas
2350,Todo Mundo Explica,Raul Seixas
2351,Que Luz É Essa,Raul Seixas
2352,Diamante De Mendigo,Raul Seixas
2353,Negócio É,Raul Seixas
2354,"Muita Estrela, Pouca Constelação",Raul Seixas
2355,Século XXI,Raul Seixas
2356,Rock Das Aranhas (Ao Vivo) (Live),Raul Seixas
2357,The Power Of Equality,Blood Sugar Sex Magik
2358,If You Have To Ask,Blood Sugar Sex Magik
2359,Breaking The Girl,Blood Sugar Sex Magik
2360,Funky Monks,Blood Sugar Sex Magik
2361,Suck My Kiss,Blood Sugar Sex Magik
2362,I Could Have Lied,Blood Sugar Sex Magik
2363,Mellowship Slinky In B Major,Blood Sugar Sex Magik
2364,The Righteous & The Wicked,Blood Sugar Sex Magik
2365,Give It Away,Blood Sugar Sex Magik
2366,Blood Sugar Sex Magik,Blood Sugar Sex Magik
2367,Under The Bridge,Blood Sugar Sex Magik
2368,Naked In The Rain,Blood Sugar Sex Magik
2369,Apache Rose Peacock,Blood Sugar Sex Magik
2370,The Greeting Song,Blood Sugar Sex Magik
2371,My Lovely Man,Blood Sugar Sex Magik
2372,Sir Psycho Sexy,Blood Sugar Sex Magik
2373,They're Red Hot,Blood Sugar Sex Magik
2374,By The Way,By The Way
2375,Universally Speaking,By The Way
2376,This Is The Place,By The Way
2377,Dosed,By The Way
2378,Don't Forget Me,By The Way
2379,The Zephyr Song,By The Way
2380,Can't Stop,By The Way
2381,I Could Die For You,By The Way
2382,Midnight,By The Way
2383,Throw Away Your Television,By The Way
2384,Cabron,By The Way
2385,Tear,By The Way
2386,On Mercury,By The Way
2387,Minor Thing,By The Way
2388,Warm Tape,By The Way
2389,Venice Queen,By The Way
2390,Around The World,Californication
2391,Parallel Universe,Californication
2392,Scar Tissue,Californication
2393,Otherside,Californication
2394,Get On Top,Californication
2395,Californication,Californication
2396,Easily,Californication
2397,Porcelain,Californication
2398,Emit Remmus,Californication
2399,I Like Dirt,Californication
2400,This Velvet Glove,Californication
2401,Savior,Californication
2402,Purple Stain,Californication
2403,Right On Time,Californication
2404,Road Trippin',Californication
2405,The Spirit Of Radio,Retrospective I (1974-1980)
2406,The Trees,Retrospective I (1974-1980)
2407,Something For Nothing,Retrospective I (1974-1980)
2408,Freewill,Retrospective I (1974-1980)
2409,Xanadu,Retrospective I (1974-1980)
2410,Bastille Day,Retrospective I (1974-1980)
2411,By-Tor And The Snow Dog,Retrospective I (1974-1980)
2412,Anthem,Retrospective I (1974-1980)
2413,Closer To The Heart,Retrospective I (1974-1980)
2414,2112 Overture,Retrospective I (1974-1980)
2415,The Temples Of Syrinx,Retrospective I (1974-1980)
2416,La Villa Strangiato,Retrospective I (1974-1980)
2417,Fly By Night,Retrospective I (1974-1980)
2418,Finding My Way,Retrospective I (1974-1980)
2419,Jingo,Santana - As Years Go By
2420,El Corazon Manda,Santana - As Years Go By
2421,La Puesta Del Sol,Santana - As Years Go By
2422,Persuasion,Santana - As Years Go By
2423,As The Years Go by,Santana - As Years Go By
2424,Soul Sacrifice,Santana - As Years Go By
2425,Fried Neckbones And Home Fries,Santana - As Years Go By
2426,Santana Jam,Santana - As Years Go By
2427,Evil Ways,Santana Live
2428,We've Got To Get Together/Jingo,Santana Live
2429,Rock Me,Santana Live
2430,Just Ain't Good Enough,Santana Live
2431,Funky Piano,Santana Live
2432,The Way You Do To Mer,Santana Live
2433,Holding Back The Years,Greatest Hits
2434,Money's Too Tight To Mention,Greatest Hits
2435,The Right Thing,Greatest Hits
2436,It's Only Love,Greatest Hits
2437,A New Flame,Greatest Hits
2438,You've Got It,Greatest Hits
2439,If You Don't Know Me By Now,Greatest Hits
2440,Stars,Greatest Hits
2441,Something Got Me Started,Greatest Hits
2442,Thrill Me,Greatest Hits
2443,Your Mirror,Greatest Hits
2444,For Your Babies,Greatest Hits
2445,So Beautiful,Greatest Hits
2446,Angel,Greatest Hits
2447,Fairground,Greatest Hits
2448,Água E Fogo,Maquinarama
2449,Três Lados,Maquinarama
2450,Ela Desapareceu,Maquinarama
2451,Balada Do Amor Inabalável,Maquinarama
2452,Canção Noturna,Maquinarama
2453,Muçulmano,Maquinarama
2454,Maquinarama,Maquinarama
2455,Rebelião,Maquinarama
2456,A Última Guerra,Maquinarama
2457,Fica,Maquinarama
2458,Ali,Maquinarama
2459,Preto Damião,Maquinarama
2460,É Uma Partida De Futebol,O Samba Poconé
2461,Eu Disse A Ela,O Samba Poconé
2462,Zé Trindade,O Samba Poconé
2463,Garota Nacional,O Samba Poconé
2464,Tão Seu,O Samba Poconé
2465,Sem Terra,O Samba Poconé
2466,Os Exilados,O Samba Poconé
2467,Um Dia Qualquer,O Samba Poconé
2468,Los Pretos,O Samba Poconé
2469,Sul Da América,O Samba Poconé
2470,Poconé,O Samba Poconé
2471,Lucky 13,Judas 0: B-Sides and Rarities
2472,Aeroplane Flies High,Judas 0: B-Sides and Rarities
2473,Because You Are,Judas 0: B-Sides and Rarities
2474,Slow Dawn,Judas 0: B-Sides and Rarities
2475,Believe,Judas 0: B-Sides and Rarities
2476,My Mistake,Judas 0: B-Sides and Rarities
2477,Marquis In Spades,Judas 0: B-Sides and Rarities
2478,Here's To The Atom Bomb,Judas 0: B-Sides and Rarities
2479,Sparrow,Judas 0: B-Sides and Rarities
2480,Waiting,Judas 0: B-Sides and Rarities
2481,Saturnine,Judas 0: B-Sides and Rarities
2482,Rock On,Judas 0: B-Sides and Rarities
2483,Set The Ray To Jerry,Judas 0: B-Sides and Rarities
2484,Winterlong,Judas 0: B-Sides and Rarities
2485,Soot & Stars,Judas 0: B-Sides and Rarities
2486,Blissed & Gone,Judas 0: B-Sides and Rarities
2487,Siva,Rotten Apples: Greatest Hits
2488,Rhinocerous,Rotten Apples: Greatest Hits
2489,Drown,Rotten Apples: Greatest Hits
2490,Cherub Rock,Rotten Apples: Greatest Hits
2491,Today,Rotten Apples: Greatest Hits
2492,Disarm,Rotten Apples: Greatest Hits
2493,Landslide,Rotten Apples: Greatest Hits
2494,Bullet With Butterfly Wings,Rotten Apples: Greatest Hits
2495,1979,Rotten Apples: Greatest Hits
2496,Zero,Rotten Apples: Greatest Hits
2497,"Tonight, Tonight",Rotten Apples: Greatest Hits
2498,Eye,Rotten Apples: Greatest Hits
2499,Ava Adore,Rotten Apples: Greatest Hits
2500,Perfect,Rotten Apples: Greatest Hits
2501,The Everlasting Gaze,Rotten Apples: Greatest Hits
2502,Stand Inside Your Love,Rotten Apples: Greatest Hits
2503,Real Love,Rotten Apples: Greatest Hits
2504,[Untitled],Rotten Apples: Greatest Hits
2505,Nothing To Say,A-Sides
2506,Flower,A-Sides
2507,Loud Love,A-Sides
2508,Hands All Over,A-Sides
2509,Get On The Snake,A-Sides
2510,Jesus Christ Pose,A-Sides
2511,Outshined,A-Sides
2512,Rusty Cage,A-Sides
2513,Spoonman,A-Sides
2514,The Day I Tried To Live,A-Sides
2515,Black Hole Sun,A-Sides
2516,Fell On Black Days,A-Sides
2517,Pretty Noose,A-Sides
2518,Burden In My Hand,A-Sides
2519,Blow Up The Outside World,A-Sides
2520,Ty Cobb,A-Sides
2521,Bleed Together,A-Sides
2522,Morning Dance,Morning Dance
2523,Jubilee,Morning Dance
2524,Rasul,Morning Dance
2525,Song For Lorraine,Morning Dance
2526,Starburst,Morning Dance
2527,Heliopolis,Morning Dance
2528,It Doesn't Matter,Morning Dance
2529,Little Linda,Morning Dance
2530,End Of Romanticism,Morning Dance
2531,The House Is Rockin',In Step
2532,Crossfire,In Step
2533,Tightrope,In Step
2534,Let Me Love You Baby,In Step
2535,Leave My Girl Alone,In Step
2536,Travis Walk,In Step
2537,Wall Of Denial,In Step
2538,Scratch-N-Sniff,In Step
2539,Love Me Darlin',In Step
2540,Riviera Paradise,In Step
2541,Dead And Bloated,Core
2542,Sex Type Thing,Core
2543,Wicked Garden,Core
2544,No Memory,Core
2545,Sin,Core
2546,Naked Sunday,Core
2547,Creep,Core
2548,Piece Of Pie,Core
2549,Plush,Core
2550,Wet My Bed,Core
2551,Crackerman,Core
2552,Where The River Goes,Core
2553,Soldier Side - Intro,Mezmerize
2554,B.Y.O.B.,Mezmerize
2555,Revenga,Mezmerize
2556,Cigaro,Mezmerize
2557,Radio/Video,Mezmerize
2558,This Cocaine Makes Me Feel Like I'm On This Song,Mezmerize
2559,Violent Pornography,Mezmerize
2560,Question!,Mezmerize
2561,Sad Statue,Mezmerize
2562,Old School Hollywood,Mezmerize
2563,Lost in Hollywood,Mezmerize
2564,The Sun Road,[1997] Black Light Syndrome
2565,Dark Corners,[1997] Black Light Syndrome
2566,Duende,[1997] Black Light Syndrome
2567,Black Light Syndrome,[1997] Black Light Syndrome
2568,Falling in Circles,[1997] Black Light Syndrome
2569,Book of Hours,[1997] Black Light Syndrome
2570,Chaos-Control,[1997] Black Light Syndrome
2571,Midnight From The Inside Out,Live [Disc 1]
2572,Sting Me,Live [Disc 1]
2573,Thick & Thin,Live [Disc 1]
2574,Greasy Grass River,Live [Disc 1]
2575,Sometimes Salvation,Live [Disc 1]
2576,Cursed Diamonds,Live [Disc 1]
2577,Miracle To Me,Live [Disc 1]
2578,Wiser Time,Live [Disc 1]
2579,Girl From A Pawnshop,Live [Disc 1]
2580,Cosmic Fiend,Live [Disc 1]
2581,Black Moon Creeping,Live [Disc 2]
2582,High Head Blues,Live [Disc 2]
2583,Title Song,Live [Disc 2]
2584,She Talks To Angels,Live [Disc 2]
2585,Twice As Hard,Live [Disc 2]
2586,Lickin',Live [Disc 2]
2587,Soul Singing,Live [Disc 2]
2588,Hard To Handle,Live [Disc 2]
2589,Remedy,Live [Disc 2]
2590,White Riot,The Singles
2591,Remote Control,The Singles
2592,Complete Control,The Singles
2593,Clash City Rockers,The Singles
2594,(White Man) In Hammersmith Palais,The Singles
2595,Tommy Gun,The Singles
2596,English Civil War,The Singles
2597,I Fought The Law,The Singles
2598,London Calling,The Singles
2599,Train In Vain,The Singles
2600,Bankrobber,The Singles
2601,The Call Up,The Singles
2602,Hitsville UK,The Singles
2603,The Magnificent Seven,The Singles
2604,This Is Radio Clash,The Singles
2605,Know Your Rights,The Singles
2606,Rock The Casbah,The Singles
2607,Should I Stay Or Should I Go,The Singles
2608,War (The Process),Beyond Good And Evil
2609,The Saint,Beyond Good And Evil
2610,Rise,Beyond Good And Evil
2611,Take The Power,Beyond Good And Evil
2612,Breathe,Beyond Good And Evil
2613,Nico,Beyond Good And Evil
2614,American Gothic,Beyond Good And Evil
2615,Ashes And Ghosts,Beyond Good And Evil
2616,Shape The Sky,Beyond Good And Evil
2617,Speed Of Light,Beyond Good And Evil
2618,True Believers,Beyond Good And Evil
2619,My Bridges Burn,Beyond Good And Evil
2620,She Sells Sanctuary,"Pure Cult: The Best Of The Cult (For Rockers, Ravers, Lovers & Sinners) [UK]"
2621,Fire Woman,"Pure Cult: The Best Of The Cult (For Rockers, Ravers, Lovers & Sinners) [UK]"
2622,Lil' Evil,"Pure Cult: The Best Of The Cult (For Rockers, Ravers, Lovers & Sinners) [UK]"
2623,Spirit Walker,"Pure Cult: The Best Of The Cult (For Rockers, Ravers, Lovers & Sinners) [UK]"
2624,The Witch,"Pure Cult: The Best Of The Cult (For Rockers, Ravers, Lovers & Sinners) [UK]"
2625,Revolution,"Pure Cult: The Best Of The Cult (For Rockers, Ravers, Lovers & Sinners) [UK]"
2626,Wild Hearted Son,"Pure Cult: The Best Of The Cult (For Rockers, Ravers, Lovers & Sinners) [UK]"
2627,Love Removal Machine,"Pure Cult: The Best Of The Cult (For Rockers, Ravers, Lovers & Sinners) [UK]"
2628,Rain,"Pure Cult: The Best Of The Cult (For Rockers, Ravers, Lovers & Sinners) [UK]"
2629,Edie (Ciao Baby),"Pure Cult: The Best Of The Cult (For Rockers, Ravers, Lovers & Sinners) [UK]"
2630,Heart Of Soul,"Pure Cult: The Best Of The Cult (For Rockers, Ravers, Lovers & Sinners) [UK]"
2631,Love,"Pure Cult: The Best Of The Cult (For Rockers, Ravers, Lovers & Sinners) [UK]"
2632,Wild Flower,"Pure Cult: The Best Of The Cult (For Rockers, Ravers, Lovers & Sinners) [UK]"
2633,Go West,"Pure Cult: The Best Of The Cult (For Rockers, Ravers, Lovers & Sinners) [UK]"
2634,Resurrection Joe,"Pure Cult: The Best Of The Cult (For Rockers, Ravers, Lovers & Sinners) [UK]"
2635,Sun King,"Pure Cult: The Best Of The Cult (For Rockers, Ravers, Lovers & Sinners) [UK]"
2636,Sweet Soul Sister,"Pure Cult: The Best Of The Cult (For Rockers, Ravers, Lovers & Sinners) [UK]"
2637,Earth Mofo,"Pure Cult: The Best Of The Cult (For Rockers, Ravers, Lovers & Sinners) [UK]"
2638,Break on Through,The Doors
2639,Soul Kitchen,The Doors
2640,The Crystal Ship,The Doors
2641,Twentienth Century Fox,The Doors
2642,Alabama Song,The Doors
2643,Light My Fire,The Doors
2644,Back Door Man,The Doors
2645,I Looked At You,The Doors
2646,End Of The Night,The Doors
2647,Take It As It Comes,The Doors
2648,The End,The Doors
2649,Roxanne,The Police Greatest Hits
2650,Can't Stand Losing You,The Police Greatest Hits
2651,Message in a Bottle,The Police Greatest Hits
2652,Walking on the Moon,The Police Greatest Hits
2653,Don't Stand so Close to Me,The Police Greatest Hits
2654,"De Do Do Do, De Da Da Da",The Police Greatest Hits
2655,Every Little Thing She Does is Magic,The Police Greatest Hits
2656,Invisible Sun,The Police Greatest Hits
2657,Spirit's in the Material World,The Police Greatest Hits
2658,Every Breath You Take,The Police Greatest Hits
2659,King Of Pain,The Police Greatest Hits
2660,Wrapped Around Your Finger,The Police Greatest Hits
2661,Don't Stand So Close to Me '86,The Police Greatest Hits
2662,Message in a Bottle (new classic rock mix),The Police Greatest Hits
2663,Time Is On My Side,"Hot Rocks, 1964-1971 (Disc 1)"
2664,Heart Of Stone,"Hot Rocks, 1964-1971 (Disc 1)"
2665,Play With Fire,"Hot Rocks, 1964-1971 (Disc 1)"
2666,Satisfaction,"Hot Rocks, 1964-1971 (Disc 1)"
2667,As Tears Go By,"Hot Rocks, 1964-1971 (Disc 1)"
2668,Get Off Of My Cloud,"Hot Rocks, 1964-1971 (Disc 1)"
2669,Mother's Little Helper,"Hot Rocks, 1964-1971 (Disc 1)"
2670,19th Nervous Breakdown,"Hot Rocks, 1964-1971 (Disc 1)"
2671,Paint It Black,"Hot Rocks, 1964-1971 (Disc 1)"
2672,Under My Thumb,"Hot Rocks, 1964-1971 (Disc 1)"
2673,Ruby Tuesday,"Hot Rocks, 1964-1971 (Disc 1)"
2674,Let's Spend The Night Together,"Hot Rocks, 1964-1971 (Disc 1)"
2675,Intro,No Security
2676,You Got Me Rocking,No Security
2677,Gimmie Shelters,No Security
2678,Flip The Switch,No Security
2679,Memory Motel,No Security
2680,Corinna,No Security
2681,Saint Of Me,No Security
2682,Wainting On A Friend,No Security
2683,Sister Morphine,No Security
2684,Live With Me,No Security
2685,Respectable,No Security
2686,Thief In The Night,No Security
2687,The Last Time,No Security
2688,Out Of Control,No Security
2689,Love Is Strong,Voodoo Lounge
2690,You Got Me Rocking,Voodoo Lounge
2691,Sparks Will Fly,Voodoo Lounge
2692,The Worst,Voodoo Lounge
2693,New Faces,Voodoo Lounge
2694,Moon Is Up,Voodoo Lounge
2695,Out Of Tears,Voodoo Lounge
2696,I Go Wild,Voodoo Lounge
2697,Brand New Car,Voodoo Lounge
2698,Sweethearts Together,Voodoo Lounge
2699,Suck On The Jugular,Voodoo Lounge
2700,Blinded By Rainbows,Voodoo Lounge
2701,Baby Break It Down,Voodoo Lounge
2702,Thru And Thru,Voodoo Lounge
2703,Mean Disposition,Voodoo Lounge
2704,Walking Wounded,Tangents
2705,Temptation,Tangents
2706,The Messenger,Tangents
2707,Psychopomp,Tangents
2708,Sister Awake,Tangents
2709,The Bazaar,Tangents
2710,Save Me (Remix),Tangents
2711,Fire In The Head,Tangents
2712,Release,Tangents
2713,Heaven Coming Down,Tangents
2714,The River (Remix),Tangents
2715,Babylon,Tangents
2716,Waiting On A Sign,Tangents
2717,Life Line,Tangents
2718,Paint It Black,Tangents
2719,Temptation,Transmission
2720,Army Ants,Transmission
2721,Psychopomp,Transmission
2722,Gyroscope,Transmission
2723,Alarum,Transmission
2724,Release,Transmission
2725,Transmission,Transmission
2726,Babylon,Transmission
2727,Pulse,Transmission
2728,Emerald,Transmission
2729,Aftermath,Transmission
2730,I Can't Explain,My Generation - The Very Best Of The Who
2731,"Anyway, Anyhow, Anywhere",My Generation - The Very Best Of The Who
2732,My Generation,My Generation - The Very Best Of The Who
2733,Substitute,My Generation - The Very Best Of The Who
2734,I'm A Boy,My Generation - The Very Best Of The Who
2735,Boris The Spider,My Generation - The Very Best Of The Who
2736,Happy Jack,My Generation - The Very Best Of The Who
2737,Pictures Of Lily,My Generation - The Very Best Of The Who
2738,I Can See For Miles,My Generation - The Very Best Of The Who
2739,Magic Bus,My Generation - The Very Best Of The Who
2740,Pinball Wizard,My Generation - The Very Best Of The Who
2741,The Seeker,My Generation - The Very Best Of The Who
2742,Baba O'Riley,My Generation - The Very Best Of The Who
2743,Won't Get Fooled Again (Full Length Version),My Generation - The Very Best Of The Who
2744,Let's See Action,My Generation - The Very Best Of The Who
2745,5.15,My Generation - The Very Best Of The Who
2746,Join Together,My Generation - The Very Best Of The Who
2747,Squeeze Box,My Generation - The Very Best Of The Who
2748,Who Are You (Single Edit Version),My Generation - The Very Best Of The Who
2749,You Better You Bet,My Generation - The Very Best Of The Who
2750,Primavera,Serie Sem Limite (Disc 1)
2751,Chocolate,Serie Sem Limite (Disc 1)
2752,Azul Da Cor Do Mar,Serie Sem Limite (Disc 1)
2753,O Descobridor Dos Sete Mares,Serie Sem Limite (Disc 1)
2754,Até Que Enfim Encontrei Você,Serie Sem Limite (Disc 1)
2755,Coroné Antonio Bento,Serie Sem Limite (Disc 1)
2756,New Love,Serie Sem Limite (Disc 1)
2757,Não Vou Ficar,Serie Sem Limite (Disc 1)
2758,Música No Ar,Serie Sem Limite (Disc 1)
2759,Salve Nossa Senhora,Serie Sem Limite (Disc 1)
2760,Você Fugiu,Serie Sem Limite (Disc 1)
2761,Cristina Nº 2,Serie Sem Limite (Disc 1)
2762,Compadre,Serie Sem Limite (Disc 1)
2763,Over Again,Serie Sem Limite (Disc 1)
2764,Réu Confesso,Serie Sem Limite (Disc 1)
2765,O Que Me Importa,Serie Sem Limite (Disc 2)
2766,Gostava Tanto De Você,Serie Sem Limite (Disc 2)
2767,Você,Serie Sem Limite (Disc 2)
2768,Não Quero Dinheiro,Serie Sem Limite (Disc 2)
2769,Eu Amo Você,Serie Sem Limite (Disc 2)
2770,A Festa Do Santo Reis,Serie Sem Limite (Disc 2)
2771,I Don't Know What To Do With Myself,Serie Sem Limite (Disc 2)
2772,Padre Cícero,Serie Sem Limite (Disc 2)
2773,Nosso Adeus,Serie Sem Limite (Disc 2)
2774,Canário Do Reino,Serie Sem Limite (Disc 2)
2775,Preciso Ser Amado,Serie Sem Limite (Disc 2)
2776,Balanço,Serie Sem Limite (Disc 2)
2777,Preciso Aprender A Ser Só,Serie Sem Limite (Disc 2)
2778,Esta É A Canção,Serie Sem Limite (Disc 2)
2779,Formigueiro,Serie Sem Limite (Disc 2)
2780,Comida,Acústico
2781,Go Back,Acústico
2782,Prá Dizer Adeus,Acústico
2783,Família,Acústico
2784,Os Cegos Do Castelo,Acústico
2785,O Pulso,Acústico
2786,Marvin,Acústico
2787,Nem 5 Minutos Guardados,Acústico
2788,Flores,Acústico
2789,Palavras,Acústico
2790,Hereditário,Acústico
2791,A Melhor Forma,Acústico
2792,Cabeça Dinossauro,Acústico
2793,32 Dentes,Acústico
2794,Bichos Escrotos (Vinheta),Acústico
2795,Não Vou Lutar,Acústico
2796,Homem Primata (Vinheta),Acústico
2797,Homem Primata,Acústico
2798,Polícia (Vinheta),Acústico
2799,Querem Meu Sangue,Acústico
2800,Diversão,Acústico
2801,Televisão,Acústico
2802,Sonifera Ilha,Volume Dois
2803,Lugar Nenhum,Volume Dois
2804,Sua Impossivel Chance,Volume Dois
2805,Desordem,Volume Dois
2806,Não Vou Me Adaptar,Volume Dois
2807,Domingo,Volume Dois
2808,Amanhã Não Se Sabe,Volume Dois
2809,Caras Como Eu,Volume Dois
2810,Senhora E Senhor,Volume Dois
2811,Era Uma Vez,Volume Dois
2812,Miséria,Volume Dois
2813,Insensível,Volume Dois
2814,Eu E Ela,Volume Dois
2815,Toda Cor,Volume Dois
2816,É Preciso Saber Viver,Volume Dois
2817,Senhor Delegado/Eu Não Aguento,Volume Dois
2818,Battlestar Galactica: The Story So Far,Battlestar Galactica: The Story So Far
2819,Occupation / Precipice,"Battlestar Galactica, Season 3"
2820,"Exodus, Pt. 1","Battlestar Galactica, Season 3"
2821,"Exodus, Pt. 2","Battlestar Galactica, Season 3"
2822,Collaborators,"Battlestar Galactica, Season 3"
2823,Torn,"Battlestar Galactica, Season 3"
2824,A Measure of Salvation,"Battlestar Galactica, Season 3"
2825,Hero,"Battlestar Galactica, Season 3"
2826,Unfinished Business,"Battlestar Galactica, Season 3"
2827,The Passage,"Battlestar Galactica, Season 3"
2828,The Eye of Jupiter,"Battlestar Galactica, Season 3"
2829,Rapture,"Battlestar Galactica, Season 3"
2830,Taking a Break from All Your Worries,"Battlestar Galactica, Season 3"
2831,The Woman King,"Battlestar Galactica, Season 3"
2832,A Day In the Life,"Battlestar Galactica, Season 3"
2833,Dirty Hands,"Battlestar Galactica, Season 3"
2834,Maelstrom,"Battlestar Galactica, Season 3"
2835,The Son Also Rises,"Battlestar Galactica, Season 3"
2836,"Crossroads, Pt. 1","Battlestar Galactica, Season 3"
2837,"Crossroads, Pt. 2","Battlestar Galactica, Season 3"
2838,Genesis,"Heroes, Season 1"
2839,Don't Look Back,"Heroes, Season 1"
2840,One Giant Leap,"Heroes, Season 1"
2841,Collision,"Heroes, Season 1"
2842,Hiros,"Heroes, Season 1"
2843,Better Halves,"Heroes, Season 1"
2844,Nothing to Hide,"Heroes, Season 1"
2845,Seven Minutes to Midnight,"Heroes, Season 1"
2846,Homecoming,"Heroes, Season 1"
2847,Six Months Ago,"Heroes, Season 1"
2848,Fallout,"Heroes, Season 1"
2849,The Fix,"Heroes, Season 1"
2850,Distractions,"Heroes, Season 1"
2851,Run!,"Heroes, Season 1"
2852,Unexpected,"Heroes, Season 1"
2853,Company Man,"Heroes, Season 1"
2854,Company Man,"Heroes, Season 1"
2855,Parasite,"Heroes, Season 1"
2856,A Tale of Two Cities,"Lost, Season 3"
2857,"Lost (Pilot, Part 1) [Premiere]","Lost, Season 1"
2858,"Man of Science, Man of Faith (Premiere)","Lost, Season 2"
2859,Adrift,"Lost, Season 2"
2860,"Lost (Pilot, Part 2)","Lost, Season 1"
2861,The Glass Ballerina,"Lost, Season 3"
2862,Further Instructions,"Lost, Season 3"
2863,Orientation,"Lost, Season 2"
2864,Tabula Rasa,"Lost, Season 1"
2865,Every Man for Himself,"Lost, Season 3"
2866,Everybody Hates Hugo,"Lost, Season 2"
2867,Walkabout,"Lost, Season 1"
2868,...And Found,"Lost, Season 2"
2869,The Cost of Living,"Lost, Season 3"
2870,White Rabbit,"Lost, Season 1"
2871,Abandoned,"Lost, Season 2"
2872,House of the Rising Sun,"Lost, Season 1"
2873,I Do,"Lost, Season 3"
2874,Not In Portland,"Lost, Season 3"
2875,Not In Portland,"Lost, Season 3"
2876,The Moth,"Lost, Season 1"
2877,The Other 48 Days,"Lost, Season 2"
2878,Collision,"Lost, Season 2"
2879,Confidence Man,"Lost, Season 1"
2880,Flashes Before Your Eyes,"Lost, Season 3"
2881,Lost Survival Guide,"Lost, Season 3"
2882,Solitary,"Lost, Season 1"
2883,What Kate Did,"Lost, Season 2"
2884,Raised By Another,"Lost, Season 1"
2885,Stranger In a Strange Land,"Lost, Season 3"
2886,The 23rd Psalm,"Lost, Season 2"
2887,All the Best Cowboys Have Daddy Issues,"Lost, Season 1"
2888,The Hunting Party,"Lost, Season 2"
2889,Tricia Tanaka Is Dead,"Lost, Season 3"
2890,Enter 77,"Lost, Season 3"
2891,Fire + Water,"Lost, Season 2"
2892,Whatever the Case May Be,"Lost, Season 1"
2893,Hearts and Minds,"Lost, Season 1"
2894,Par Avion,"Lost, Season 3"
2895,The Long Con,"Lost, Season 2"
2896,One of Them,"Lost, Season 2"
2897,Special,"Lost, Season 1"
2898,The Man from Tallahassee,"Lost, Season 3"
2899,Exposé,"Lost, Season 3"
2900,Homecoming,"Lost, Season 1"
2901,Maternity Leave,"Lost, Season 2"
2902,Left Behind,"Lost, Season 3"
2903,Outlaws,"Lost, Season 1"
2904,The Whole Truth,"Lost, Season 2"
2905,...In Translation,"Lost, Season 1"
2906,Lockdown,"Lost, Season 2"
2907,One of Us,"Lost, Season 3"
2908,Catch-22,"Lost, Season 3"
2909,Dave,"Lost, Season 2"
2910,Numbers,"Lost, Season 1"
2911,D.O.C.,"Lost, Season 3"
2912,Deus Ex Machina,"Lost, Season 1"
2913,S.O.S.,"Lost, Season 2"
2914,Do No Harm,"Lost, Season 1"
2915,Two for the Road,"Lost, Season 2"
2916,The Greater Good,"Lost, Season 1"
2917,"""?""","Lost, Season 2"
2918,Born to Run,"Lost, Season 1"
2919,Three Minutes,"Lost, Season 2"
2920,Exodus (Part 1),"Lost, Season 1"
2921,"Live Together, Die Alone, Pt. 1","Lost, Season 2"
2922,Exodus (Part 2) [Season Finale],"Lost, Season 1"
2923,"Live Together, Die Alone, Pt. 2","Lost, Season 2"
2924,Exodus (Part 3) [Season Finale],"Lost, Season 1"
2925,Zoo Station,Achtung Baby
2926,Even Better Than The Real Thing,Achtung Baby
2927,One,Achtung Baby
2928,Until The End Of The World,Achtung Baby
2929,Who's Gonna Ride Your Wild Horses,Achtung Baby
2930,So Cruel,Achtung Baby
2931,The Fly,Achtung Baby
2932,Mysterious Ways,Achtung Baby
2933,Tryin' To Throw Your Arms Around The World,Achtung Baby
2934,Ultraviolet (Light My Way),Achtung Baby
2935,Acrobat,Achtung Baby
2936,Love Is Blindness,Achtung Baby
2937,Beautiful Day,All That You Can't Leave Behind
2938,Stuck In A Moment You Can't Get Out Of,All That You Can't Leave Behind
2939,Elevation,All That You Can't Leave Behind
2940,Walk On,All That You Can't Leave Behind
2941,Kite,All That You Can't Leave Behind
2942,In A Little While,All That You Can't Leave Behind
2943,Wild Honey,All That You Can't Leave Behind
2944,Peace On Earth,All That You Can't Leave Behind
2945,When I Look At The World,All That You Can't Leave Behind
2946,New York,All That You Can't Leave Behind
2947,Grace,All That You Can't Leave Behind
2948,The Three Sunrises,B-Sides 1980-1990
2949,Spanish Eyes,B-Sides 1980-1990
2950,Sweetest Thing,B-Sides 1980-1990
2951,Love Comes Tumbling,B-Sides 1980-1990
2952,Bass Trap,B-Sides 1980-1990
2953,Dancing Barefoot,B-Sides 1980-1990
2954,Everlasting Love,B-Sides 1980-1990
2955,Unchained Melody,B-Sides 1980-1990
2956,Walk To The Water,B-Sides 1980-1990
2957,Luminous Times (Hold On To Love),B-Sides 1980-1990
2958,Hallelujah Here She Comes,B-Sides 1980-1990
2959,Silver And Gold,B-Sides 1980-1990
2960,Endless Deep,B-Sides 1980-1990
2961,A Room At The Heartbreak Hotel,B-Sides 1980-1990
2962,"Trash, Trampoline And The Party Girl",B-Sides 1980-1990
2963,Vertigo,How To Dismantle An Atomic Bomb
2964,Miracle Drug,How To Dismantle An Atomic Bomb
2965,Sometimes You Can't Make It On Your Own,How To Dismantle An Atomic Bomb
2966,Love And Peace Or Else,How To Dismantle An Atomic Bomb
2967,City Of Blinding Lights,How To Dismantle An Atomic Bomb
2968,All Because Of You,How To Dismantle An Atomic Bomb
2969,A Man And A Woman,How To Dismantle An Atomic Bomb
2970,Crumbs From Your Table,How To Dismantle An Atomic Bomb
2971,One Step Closer,How To Dismantle An Atomic Bomb
2972,Original Of The Species,How To Dismantle An Atomic Bomb
2973,Yahweh,How To Dismantle An Atomic Bomb
2974,Discotheque,Pop
2975,Do You Feel Loved,Pop
2976,Mofo,Pop
2977,If God Will Send His Angels,Pop
2978,Staring At The Sun,Pop
2979,Last Night On Earth,Pop
2980,Gone,Pop
2981,Miami,Pop
2982,The Playboy Mansion,Pop
2983,If You Wear That Velvet Dress,Pop
2984,Please,Pop
2985,Wake Up Dead Man,Pop
2986,Helter Skelter,Rattle And Hum
2987,Van Diemen's Land,Rattle And Hum
2988,Desire,Rattle And Hum
2989,Hawkmoon 269,Rattle And Hum
2990,All Along The Watchtower,Rattle And Hum
2991,I Still Haven't Found What I'm Looking for,Rattle And Hum
2992,Freedom For My People,Rattle And Hum
2993,Silver And Gold,Rattle And Hum
2994,Pride (In The Name Of Love),Rattle And Hum
2995,Angel Of Harlem,Rattle And Hum
2996,Love Rescue Me,Rattle And Hum
2997,When Love Comes To Town,Rattle And Hum
2998,Heartland,Rattle And Hum
2999,God Part II,Rattle And Hum
3000,The Star Spangled Banner,Rattle And Hum
3001,Bullet The Blue Sky,Rattle And Hum
3002,All I Want Is You,Rattle And Hum
3003,Pride (In The Name Of Love),The Best Of 1980-1990
3004,New Year's Day,The Best Of 1980-1990
3005,With Or Without You,The Best Of 1980-1990
3006,I Still Haven't Found What I'm Looking For,The Best Of 1980-1990
3007,Sunday Bloody Sunday,The Best Of 1980-1990
3008,Bad,The Best Of 1980-1990
3009,Where The Streets Have No Name,The Best Of 1980-1990
3010,I Will Follow,The Best Of 1980-1990
3011,The Unforgettable Fire,The Best Of 1980-1990
3012,Sweetest Thing,The Best Of 1980-1990
3013,Desire,The Best Of 1980-1990
3014,When Love Comes To Town,The Best Of 1980-1990
3015,Angel Of Harlem,The Best Of 1980-1990
3016,All I Want Is You,The Best Of 1980-1990
3017,Sunday Bloody Sunday,War
3018,Seconds,War
3019,New Year's Day,War
3020,Like A Song...,War
3021,Drowning Man,War
3022,The Refugee,War
3023,Two Hearts Beat As One,War
3024,Red Light,War
3025,Surrender,War
3026,"""40""",War
3027,Zooropa,Zooropa
3028,Babyface,Zooropa
3029,Numb,Zooropa
3030,Lemon,Zooropa
3031,"Stay (Faraway, So Close!)",Zooropa
3032,Daddy's Gonna Pay For Your Crashed Car,Zooropa
3033,Some Days Are Better Than Others,Zooropa
3034,The First Time,Zooropa
3035,Dirty Day,Zooropa
3036,The Wanderer,Zooropa
3037,Breakfast In Bed,UB40 The Best Of - Volume Two [UK]
3038,Where Did I Go Wrong,UB40 The Best Of - Volume Two [UK]
3039,I Would Do For You,UB40 The Best Of - Volume Two [UK]
3040,Homely Girl,UB40 The Best Of - Volume Two [UK]
3041,Here I Am (Come And Take Me),UB40 The Best Of - Volume Two [UK]
3042,Kingston Town,UB40 The Best Of - Volume Two [UK]
3043,Wear You To The Ball,UB40 The Best Of - Volume Two [UK]
3044,(I Can't Help) Falling In Love With You,UB40 The Best Of - Volume Two [UK]
3045,Higher Ground,UB40 The Best Of - Volume Two [UK]
3046,Bring Me Your Cup,UB40 The Best Of - Volume Two [UK]
3047,C'est La Vie,UB40 The Best Of - Volume Two [UK]
3048,Reggae Music,UB40 The Best Of - Volume Two [UK]
3049,Superstition,UB40 The Best Of - Volume Two [UK]
3050,Until My Dying Day,UB40 The Best Of - Volume Two [UK]
3051,Where Have All The Good Times Gone?,Diver Down
3052,Hang 'Em High,Diver Down
3053,Cathedral,Diver Down
3054,Secrets,Diver Down
3055,Intruder,Diver Down
3056,(Oh) Pretty Woman,Diver Down
3057,Dancing In The Street,Diver Down
3058,Little Guitars (Intro),Diver Down
3059,Little Guitars,Diver Down
3060,Big Bad Bill (Is Sweet William Now),Diver Down
3061,The Full Bug,Diver Down
3062,Happy Trails,Diver Down
3063,Eruption,"The Best Of Van Halen, Vol. I"
3064,Ain't Talkin' 'bout Love,"The Best Of Van Halen, Vol. I"
3065,Runnin' With The Devil,"The Best Of Van Halen, Vol. I"
3066,Dance the Night Away,"The Best Of Van Halen, Vol. I"
3067,And the Cradle Will Rock...,"The Best Of Van Halen, Vol. I"
3068,Unchained,"The Best Of Van Halen, Vol. I"
3069,Jump,"The Best Of Van Halen, Vol. I"
3070,Panama,"The Best Of Van Halen, Vol. I"
3071,Why Can't This Be Love,"The Best Of Van Halen, Vol. I"
3072,Dreams,"The Best Of Van Halen, Vol. I"
3073,When It's Love,"The Best Of Van Halen, Vol. I"
3074,Poundcake,"The Best Of Van Halen, Vol. I"
3075,Right Now,"The Best Of Van Halen, Vol. I"
3076,Can't Stop Loving You,"The Best Of Van Halen, Vol. I"
3077,Humans Being,"The Best Of Van Halen, Vol. I"
3078,Can't Get This Stuff No More,"The Best Of Van Halen, Vol. I"
3079,Me Wise Magic,"The Best Of Van Halen, Vol. I"
3080,Runnin' With The Devil,Van Halen
3081,Eruption,Van Halen
3082,You Really Got Me,Van Halen
3083,Ain't Talkin' 'Bout Love,Van Halen
3084,I'm The One,Van Halen
3085,Jamie's Cryin',Van Halen
3086,Atomic Punk,Van Halen
3087,Feel Your Love Tonight,Van Halen
3088,Little Dreamer,Van Halen
3089,Ice Cream Man,Van Halen
3090,On Fire,Van Halen
3091,Neworld,Van Halen III
3092,Without You,Van Halen III
3093,One I Want,Van Halen III
3094,From Afar,Van Halen III
3095,Dirty Water Dog,Van Halen III
3096,Once,Van Halen III
3097,Fire in the Hole,Van Halen III
3098,Josephina,Van Halen III
3099,Year to the Day,Van Halen III
3100,Primary,Van Halen III
3101,Ballot or the Bullet,Van Halen III
3102,How Many Say I,Van Halen III
3103,Sucker Train Blues,Contraband
3104,Do It For The Kids,Contraband
3105,Big Machine,Contraband
3106,Illegal I Song,Contraband
3107,Spectacle,Contraband
3108,Fall To Pieces,Contraband
3109,Headspace,Contraband
3110,Superhuman,Contraband
3111,Set Me Free,Contraband
3112,You Got No Right,Contraband
3113,Slither,Contraband
3114,Dirty Little Thing,Contraband
3115,Loving The Alien,Contraband
3116,Pela Luz Dos Olhos Teus,Vinicius De Moraes
3117,A Bencao E Outros,Vinicius De Moraes
3118,Tudo Na Mais Santa Paz,Vinicius De Moraes
3119,O Velho E Aflor,Vinicius De Moraes
3120,Cotidiano N 2,Vinicius De Moraes
3121,Adeus,Vinicius De Moraes
3122,Samba Pra Endrigo,Vinicius De Moraes
3123,So Por Amor,Vinicius De Moraes
3124,Meu Pranto Rolou,Vinicius De Moraes
3125,Mulher Carioca,Vinicius De Moraes
3126,Um Homem Chamado Alfredo,Vinicius De Moraes
3127,Samba Do Jato,Vinicius De Moraes
3128,"Oi, La",Vinicius De Moraes
3129,"Vinicius, Poeta Do Encontro",Vinicius De Moraes
3130,Soneto Da Separacao,Vinicius De Moraes
3131,Still Of The Night,Greatest Hits
3132,Here I Go Again,Greatest Hits
3133,Is This Love,Greatest Hits
3134,Love Ain't No Stranger,Greatest Hits
3135,Looking For Love,Greatest Hits
3136,Now You're Gone,Greatest Hits
3137,Slide It In,Greatest Hits
3138,Slow An' Easy,Greatest Hits
3139,Judgement Day,Greatest Hits
3140,You're Gonna Break My Hart Again,Greatest Hits
3141,The Deeper The Love,Greatest Hits
3142,Crying In The Rain,Greatest Hits
3143,Fool For Your Loving,Greatest Hits
3144,Sweet Lady Luck,Greatest Hits
3145,Faixa Amarela,Ao Vivo [IMPORT]
3146,Posso Até Me Apaixonar,Ao Vivo [IMPORT]
3147,Não Sou Mais Disso,Ao Vivo [IMPORT]
3148,Vivo Isolado Do Mundo,Ao Vivo [IMPORT]
3149,Coração Em Desalinho,Ao Vivo [IMPORT]
3150,Seu Balancê,Ao Vivo [IMPORT]
3151,Vai Adiar,Ao Vivo [IMPORT]
3152,Rugas,Ao Vivo [IMPORT]
3153,Feirinha da Pavuna/Luz do Repente/Bagaço da Laranja,Ao Vivo [IMPORT]
3154,Sem Essa de Malandro Agulha,Ao Vivo [IMPORT]
3155,Chico Não Vai na Corimba,Ao Vivo [IMPORT]
3156,Papel Principal,Ao Vivo [IMPORT]
3157,Saudade Louca,Ao Vivo [IMPORT]
3158,Camarão que Dorme e Onda Leva,Ao Vivo [IMPORT]
3159,Sapopemba e Maxambomba,Ao Vivo [IMPORT]
3160,Minha Fé,Ao Vivo [IMPORT]
3161,Lua de Ogum,Ao Vivo [IMPORT]
3162,Samba pras moças,Ao Vivo [IMPORT]
3163,Verdade,Ao Vivo [IMPORT]
3164,The Brig,"Lost, Season 3"
3165,.07%,"Heroes, Season 1"
3166,Five Years Gone,"Heroes, Season 1"
3167,The Hard Part,"Heroes, Season 1"
3168,The Man Behind the Curtain,"Lost, Season 3"
3169,Greatest Hits,"Lost, Season 3"
3170,Landslide,"Heroes, Season 1"
3171,The Office: An American Workplace (Pilot),"The Office, Season 1"
3172,Diversity Day,"The Office, Season 1"
3173,Health Care,"The Office, Season 1"
3174,The Alliance,"The Office, Season 1"
3175,Basketball,"The Office, Season 1"
3176,Hot Girl,"The Office, Season 1"
3177,The Dundies,"The Office, Season 2"
3178,Sexual Harassment,"The Office, Season 2"
3179,Office Olympics,"The Office, Season 2"
3180,The Fire,"The Office, Season 2"
3181,Halloween,"The Office, Season 2"
3182,The Fight,"The Office, Season 2"
3183,The Client,"The Office, Season 2"
3184,Performance Review,"The Office, Season 2"
3185,Email Surveillance,"The Office, Season 2"
3186,Christmas Party,"The Office, Season 2"
3187,Booze Cruise,"The Office, Season 2"
3188,The Injury,"The Office, Season 2"
3189,The Secret,"The Office, Season 2"
3190,The Carpet,"The Office, Season 2"
3191,Boys and Girls,"The Office, Season 2"
3192,Valentine's Day,"The Office, Season 2"
3193,Dwight's Speech,"The Office, Season 2"
3194,Take Your Daughter to Work Day,"The Office, Season 2"
3195,Michael's Birthday,"The Office, Season 2"
3196,Drug Testing,"The Office, Season 2"
3197,Conflict Resolution,"The Office, Season 2"
3198,Casino Night - Season Finale,"The Office, Season 2"
3199,Gay Witch Hunt,"The Office, Season 3"
3200,The Convention,"The Office, Season 3"
3201,The Coup,"The Office, Season 3"
3202,Grief Counseling,"The Office, Season 3"
3203,The Initiation,"The Office, Season 3"
3204,Diwali,"The Office, Season 3"
3205,Branch Closing,"The Office, Season 3"
3206,The Merger,"The Office, Season 3"
3207,The Convict,"The Office, Season 3"
3208,"A Benihana Christmas, Pts. 1 & 2","The Office, Season 3"
3209,Back from Vacation,"The Office, Season 3"
3210,Traveling Salesmen,"The Office, Season 3"
3211,Producer's Cut: The Return,"The Office, Season 3"
3212,Ben Franklin,"The Office, Season 3"
3213,Phyllis's Wedding,"The Office, Season 3"
3214,Business School,"The Office, Season 3"
3215,Cocktails,"The Office, Season 3"
3216,The Negotiation,"The Office, Season 3"
3217,Safety Training,"The Office, Season 3"
3218,Product Recall,"The Office, Season 3"
3219,Women's Appreciation,"The Office, Season 3"
3220,Beach Games,"The Office, Season 3"
3221,The Job,"The Office, Season 3"
3222,How to Stop an Exploding Man,"Heroes, Season 1"
3223,Through a Looking Glass,"Lost, Season 3"
3224,Your Time Is Gonna Come,Un-Led-Ed
3225,"Battlestar Galactica, Pt. 1","Battlestar Galactica (Classic), Season 1"
3226,"Battlestar Galactica, Pt. 2","Battlestar Galactica (Classic), Season 1"
3227,"Battlestar Galactica, Pt. 3","Battlestar Galactica (Classic), Season 1"
3228,"Lost Planet of the Gods, Pt. 1","Battlestar Galactica (Classic), Season 1"
3229,"Lost Planet of the Gods, Pt. 2","Battlestar Galactica (Classic), Season 1"
3230,The Lost Warrior,"Battlestar Galactica (Classic), Season 1"
3231,The Long Patrol,"Battlestar Galactica (Classic), Season 1"
3232,"The Gun On Ice Planet Zero, Pt. 1","Battlestar Galactica (Classic), Season 1"
3233,"The Gun On Ice Planet Zero, Pt. 2","Battlestar Galactica (Classic), Season 1"
3234,The Magnificent Warriors,"Battlestar Galactica (Classic), Season 1"
3235,The Young Lords,"Battlestar Galactica (Classic), Season 1"
3236,"The Living Legend, Pt. 1","Battlestar Galactica (Classic), Season 1"
3237,"The Living Legend, Pt. 2","Battlestar Galactica (Classic), Season 1"
3238,Fire In Space,"Battlestar Galactica (Classic), Season 1"
3239,"War of the Gods, Pt. 1","Battlestar Galactica (Classic), Season 1"
3240,"War of the Gods, Pt. 2","Battlestar Galactica (Classic), Season 1"
3241,The Man With Nine Lives,"Battlestar Galactica (Classic), Season 1"
3242,Murder On the Rising Star,"Battlestar Galactica (Classic), Season 1"
3243,"Greetings from Earth, Pt. 1","Battlestar Galactica (Classic), Season 1"
3244,"Greetings from Earth, Pt. 2","Battlestar Galactica (Classic), Season 1"
3245,Baltar's Escape,"Battlestar Galactica (Classic), Season 1"
3246,Experiment In Terra,"Battlestar Galactica (Classic), Season 1"
3247,Take the Celestra,"Battlestar Galactica (Classic), Season 1"
3248,The Hand of God,"Battlestar Galactica (Classic), Season 1"
3249,Pilot,Aquaman
3250,"Through the Looking Glass, Pt. 2","Lost, Season 3"
3251,"Through the Looking Glass, Pt. 1","Lost, Season 3"
3252,Instant Karma,Instant Karma: The Amnesty International Campaign to Save Darfur
3253,#9 Dream,Instant Karma: The Amnesty International Campaign to Save Darfur
3254,Mother,Instant Karma: The Amnesty International Campaign to Save Darfur
3255,Give Peace a Chance,Instant Karma: The Amnesty International Campaign to Save Darfur
3256,Cold Turkey,Instant Karma: The Amnesty International Campaign to Save Darfur
3257,Whatever Gets You Thru the Night,Instant Karma: The Amnesty International Campaign to Save Darfur
3258,I'm Losing You,Instant Karma: The Amnesty International Campaign to Save Darfur
3259,Gimme Some Truth,Instant Karma: The Amnesty International Campaign to Save Darfur
3260,"Oh, My Love",Instant Karma: The Amnesty International Campaign to Save Darfur
3261,Imagine,Instant Karma: The Amnesty International Campaign to Save Darfur
3262,Nobody Told Me,Instant Karma: The Amnesty International Campaign to Save Darfur
3263,Jealous Guy,Instant Karma: The Amnesty International Campaign to Save Darfur
3264,Working Class Hero,Instant Karma: The Amnesty International Campaign to Save Darfur
3265,Power to the People,Instant Karma: The Amnesty International Campaign to Save Darfur
3266,Imagine,Instant Karma: The Amnesty International Campaign to Save Darfur
3267,Beautiful Boy,Instant Karma: The Amnesty International Campaign to Save Darfur
3268,Isolation,Instant Karma: The Amnesty International Campaign to Save Darfur
3269,Watching the Wheels,Instant Karma: The Amnesty International Campaign to Save Darfur
3270,Grow Old With Me,Instant Karma: The Amnesty International Campaign to Save Darfur
3271,Gimme Some Truth,Instant Karma: The Amnesty International Campaign to Save Darfur
3272,[Just Like] Starting Over,Instant Karma: The Amnesty International Campaign to Save Darfur
3273,God,Instant Karma: The Amnesty International Campaign to Save Darfur
3274,Real Love,Instant Karma: The Amnesty International Campaign to Save Darfur
3275,Sympton of the Universe,Speak of the Devil
3276,Snowblind,Speak of the Devil
3277,Black Sabbath,Speak of the Devil
3278,Fairies Wear Boots,Speak of the Devil
3279,War Pigs,Speak of the Devil
3280,The Wizard,Speak of the Devil
3281,N.I.B.,Speak of the Devil
3282,Sweet Leaf,Speak of the Devil
3283,Never Say Die,Speak of the Devil
3284,"Sabbath, Bloody Sabbath",Speak of the Devil
3285,Iron Man/Children of the Grave,Speak of the Devil
3286,Paranoid,Speak of the Devil
3287,Rock You Like a Hurricane,20th Century Masters - The Millennium Collection: The Best of Scorpions
3288,No One Like You,20th Century Masters - The Millennium Collection: The Best of Scorpions
3289,The Zoo,20th Century Masters - The Millennium Collection: The Best of Scorpions
3290,Loving You Sunday Morning,20th Century Masters - The Millennium Collection: The Best of Scorpions
3291,Still Loving You,20th Century Masters - The Millennium Collection: The Best of Scorpions
3292,Big City Nights,20th Century Masters - The Millennium Collection: The Best of Scorpions
3293,Believe in Love,20th Century Masters - The Millennium Collection: The Best of Scorpions
3294,Rhythm of Love,20th Century Masters - The Millennium Collection: The Best of Scorpions
3295,I Can't Explain,20th Century Masters - The Millennium Collection: The Best of Scorpions
3296,Tease Me Please Me,20th Century Masters - The Millennium Collection: The Best of Scorpions
3297,Wind of Change,20th Century Masters - The Millennium Collection: The Best of Scorpions
3298,Send Me an Angel,20th Century Masters - The Millennium Collection: The Best of Scorpions
3299,Jump Around,House of Pain
3300,Salutations,House of Pain
3301,Put Your Head Out,House of Pain
3302,Top O' The Morning To Ya,House of Pain
3303,Commercial 1,House of Pain
3304,House And The Rising Sun,House of Pain
3305,Shamrocks And Shenanigans,House of Pain
3306,House Of Pain Anthem,House of Pain
3307,"Danny Boy, Danny Boy",House of Pain
3308,Guess Who's Back,House of Pain
3309,Commercial 2,House of Pain
3310,Put On Your Shit Kickers,House of Pain
3311,Come And Get Some Of This,House of Pain
3312,Life Goes On,House of Pain
3313,One For The Road,House of Pain
3314,Feel It,House of Pain
3315,All My Love,House of Pain
3316,Jump Around (Pete Rock Remix),House of Pain
3317,Shamrocks And Shenanigans (Boom Shalock Lock Boom/Butch Vig Mix),House of Pain
3318,Instinto Colectivo,Radio Brasil (O Som da Jovem Vanguarda) - Seleccao de Henrique Amaro
3319,Chapa o Coco,Radio Brasil (O Som da Jovem Vanguarda) - Seleccao de Henrique Amaro
3320,Prostituta,Radio Brasil (O Som da Jovem Vanguarda) - Seleccao de Henrique Amaro
3321,Eu So Queria Sumir,Radio Brasil (O Som da Jovem Vanguarda) - Seleccao de Henrique Amaro
3322,Tres Reis,Radio Brasil (O Som da Jovem Vanguarda) - Seleccao de Henrique Amaro
3323,Um Lugar ao Sol,Radio Brasil (O Som da Jovem Vanguarda) - Seleccao de Henrique Amaro
3324,Batalha Naval,Radio Brasil (O Som da Jovem Vanguarda) - Seleccao de Henrique Amaro
3325,Todo o Carnaval tem seu Fim,Radio Brasil (O Som da Jovem Vanguarda) - Seleccao de Henrique Amaro
3326,O Misterio do Samba,Radio Brasil (O Som da Jovem Vanguarda) - Seleccao de Henrique Amaro
3327,Armadura,Radio Brasil (O Som da Jovem Vanguarda) - Seleccao de Henrique Amaro
3328,Na Ladeira,Radio Brasil (O Som da Jovem Vanguarda) - Seleccao de Henrique Amaro
3329,Carimbo,Radio Brasil (O Som da Jovem Vanguarda) - Seleccao de Henrique Amaro
3330,Catimbo,Radio Brasil (O Som da Jovem Vanguarda) - Seleccao de Henrique Amaro
3331,Funk de Bamba,Radio Brasil (O Som da Jovem Vanguarda) - Seleccao de Henrique Amaro
3332,Chega no Suingue,Radio Brasil (O Som da Jovem Vanguarda) - Seleccao de Henrique Amaro
3333,Mun-Ra,Radio Brasil (O Som da Jovem Vanguarda) - Seleccao de Henrique Amaro
3334,Freestyle Love,Radio Brasil (O Som da Jovem Vanguarda) - Seleccao de Henrique Amaro
3335,War Pigs,Cake: B-Sides and Rarities
3336,"Past, Present, and Future","LOST, Season 4"
3337,The Beginning of the End,"LOST, Season 4"
3338,LOST Season 4 Trailer,"LOST, Season 4"
3339,LOST In 8:15,"LOST, Season 4"
3340,Confirmed Dead,"LOST, Season 4"
3341,The Economist,"LOST, Season 4"
3342,Eggtown,"LOST, Season 4"
3343,The Constant,"LOST, Season 4"
3344,The Other Woman,"LOST, Season 4"
3345,Ji Yeon,"LOST, Season 4"
3346,Meet Kevin Johnson,"LOST, Season 4"
3347,The Shape of Things to Come,"LOST, Season 4"
3348,Amanda,Quiet Songs
3349,Despertar,Quiet Songs
3350,Din Din Wo (Little Child),Muso Ko
3351,Distance,Realize
3352,I Guess You're Right,Every Kind of Light
3353,I Ka Barra (Your Work),Muso Ko
3354,Love Comes,Every Kind of Light
3355,Muita Bobeira,Duos II
3356,OAM's Blues,Worlds
3357,One Step Beyond,Realize
3358,"Symphony No. 3 in E-flat major, Op. 55, ""Eroica"" - Scherzo: Allegro Vivace",The Best of Beethoven
3359,Something Nice Back Home,"LOST, Season 4"
3360,Cabin Fever,"LOST, Season 4"
3361,"There's No Place Like Home, Pt. 1","LOST, Season 4"
3362,"There's No Place Like Home, Pt. 2","LOST, Season 4"
3363,"There's No Place Like Home, Pt. 3","LOST, Season 4"
3364,Say Hello 2 Heaven,Temple of the Dog
3365,Reach Down,Temple of the Dog
3366,Hunger Strike,Temple of the Dog
3367,Pushin Forward Back,Temple of the Dog
3368,Call Me a Dog,Temple of the Dog
3369,Times of Trouble,Temple of the Dog
3370,Wooden Jesus,Temple of the Dog
3371,Your Savior,Temple of the Dog
3372,Four Walled World,Temple of the Dog
3373,All Night Thing,Temple of the Dog
3374,No Such Thing,Carry On
3375,Poison Eye,Carry On
3376,Arms Around Your Love,Carry On
3377,Safe and Sound,Carry On
3378,She'll Never Be Your Man,Carry On
3379,Ghosts,Carry On
3380,Killing Birds,Carry On
3381,Billie Jean,Carry On
3382,Scar On the Sky,Carry On
3383,Your Soul Today,Carry On
3384,Finally Forever,Carry On
3385,Silence the Voices,Carry On
3386,Disappearing Act,Carry On
3387,You Know My Name,Carry On
3388,Revelations,Revelations
3389,One and the Same,Revelations
3390,Sound of a Gun,Revelations
3391,Until We Fall,Revelations
3392,Original Fire,Revelations
3393,Broken City,Revelations
3394,Somedays,Revelations
3395,Shape of Things to Come,Revelations
3396,Jewel of the Summertime,Revelations
3397,Wide Awake,Revelations
3398,Nothing Left to Say But Goodbye,Revelations
3399,Moth,Revelations
3400,Show Me How to Live (Live at the Quart Festival),Revelations
3401,"Band Members Discuss Tracks from ""Revelations""",Revelations
3402,Intoitus: Adorate Deum,Adorate Deum: Gregorian Chant from the Proper of the Mass
3403,"Miserere mei, Deus",Allegri: Miserere
3404,Canon and Gigue in D Major: I. Canon,Pachelbel: Canon & Gigue
3405,"Concerto No. 1 in E Major, RV 269 ""Spring"": I. Allegro",Vivaldi: The Four Seasons
3406,"Concerto for 2 Violins in D Minor, BWV 1043: I. Vivace",Bach: Violin Concertos
3407,"Aria Mit 30 Veränderungen, BWV 988 ""Goldberg Variations"": Aria",Bach: Goldberg Variations
3408,"Suite for Solo Cello No. 1 in G Major, BWV 1007: I. Prélude",Bach: The Cello Suites
3409,"The Messiah: Behold, I Tell You a Mystery... The Trumpet Shall Sound",Handel: The Messiah (Highlights)
3410,Solomon HWV 67: The Arrival of the Queen of Sheba,The World of Classical Favourites
3411,"""Eine Kleine Nachtmusik"" Serenade In G, K. 525: I. Allegro",Sir Neville Marriner: A Celebration
3412,"Concerto for Clarinet in A Major, K. 622: II. Adagio",Mozart: Wind Concertos
3413,"Symphony No. 104 in D Major ""London"": IV. Finale: Spiritoso",Haydn: Symphonies 99 - 104
3414,Symphony No.5 in C Minor: I. Allegro con brio,Beethoven: Symhonies Nos. 5 & 6
3415,Ave Maria,A Soprano Inspired
3416,"Nabucco: Chorus, ""Va, Pensiero, Sull'ali Dorate""",Great Opera Choruses
3417,Die Walküre: The Ride of the Valkyries,Wagner: Favourite Overtures
3418,"Requiem, Op.48: 4. Pie Jesu","Fauré: Requiem, Ravel: Pavane & Others"
3419,"The Nutcracker, Op. 71a, Act II: Scene 14: Pas de deux: Dance of the Prince & the Sugar-Plum Fairy",Tchaikovsky: The Nutcracker
3420,"Nimrod (Adagio) from Variations On an Original Theme, Op. 36 ""Enigma""",The Last Night of the Proms
3421,Madama Butterfly: Un Bel Dì Vedremo,Puccini: Madama Butterfly - Highlights
3422,"Jupiter, the Bringer of Jollity","Holst: The Planets, Op. 32 & Vaughan Williams: Fantasies"
3423,"Turandot, Act III, Nessun dorma!",Pavarotti's Opera Made Easy
3424,"Adagio for Strings from the String Quartet, Op. 11",Great Performances - Barber's Adagio and Other Romantic Favorites for Strings
3425,Carmina Burana: O Fortuna,Carmina Burana
3426,Fanfare for the Common Man,"A Copland Celebration, Vol. I"
3427,Branch Closing,"The Office, Season 3"
3428,The Return,"The Office, Season 3"
3429,"Toccata and Fugue in D Minor, BWV 565: I. Toccata",Bach: Toccata & Fugue in D Minor
3430,"Symphony No.1 in D Major, Op.25 ""Classical"", Allegro Con Brio",Prokofiev: Symphony No.1
3431,"Scheherazade, Op. 35: I. The Sea and Sindbad's Ship",Scheherazade
3432,"Concerto No.2 in F Major, BWV1047, I. Allegro",Bach: The Brandenburg Concertos
3433,"Concerto for Piano No. 2 in F Minor, Op. 21: II. Larghetto",Chopin: Piano Concertos Nos. 1 & 2
3434,Cavalleria Rusticana \ Act \ Intermezzo Sinfonico,Mascagni: Cavalleria Rusticana
3435,"Karelia Suite, Op.11: 2. Ballade (Tempo Di Menuetto)",Sibelius: Finlandia
3436,"Piano Sonata No. 14 in C Sharp Minor, Op. 27, No. 2, ""Moonlight"": I. Adagio sostenuto",Beethoven Piano Sonatas: Moonlight & Pastorale
3437,Fantasia On Greensleeves,The World of Classical Favourites
3438,"Das Lied Von Der Erde, Von Der Jugend",Great Recordings of the Century - Mahler: Das Lied von der Erde
3439,"Concerto for Cello and Orchestra in E minor, Op. 85: I. Adagio - Moderato",Elgar: Cello Concerto & Vaughan Williams: Fantasias
3440,Two Fanfares for Orchestra: II. Short Ride in a Fast Machine,"Adams, John: The Chairman Dances"
3441,"Wellington's Victory or the Battle Symphony, Op.91: 2. Symphony of Triumph","Tchaikovsky: 1812 Festival Overture, Op.49, Capriccio Italien & Beethoven: Wellington's Victory"
3442,Missa Papae Marcelli: Kyrie,Palestrina: Missa Papae Marcelli & Allegri: Miserere
3443,Romeo et Juliette: No. 11 - Danse des Chevaliers,Prokofiev: Romeo & Juliet
3444,On the Beautiful Blue Danube,Strauss: Waltzes
3445,"Symphonie Fantastique, Op. 14: V. Songe d'une nuit du sabbat",Berlioz: Symphonie Fantastique
3446,Carmen: Overture,Bizet: Carmen Highlights
3447,"Lamentations of Jeremiah, First Set \ Incipit Lamentatio",English Renaissance
3448,"Music for the Royal Fireworks, HWV351 (1749): La Réjouissance",Handel: Music for the Royal Fireworks (Original Version 1749)
3449,"Peer Gynt Suite No.1, Op.46: 1. Morning Mood",Grieg: Peer Gynt Suites & Sibelius: Pelléas et Mélisande
3450,"Die Zauberflöte, K.620: ""Der Hölle Rache Kocht in Meinem Herze""",Mozart Gala: Famous Arias
3451,"SCRIABIN: Prelude in B Major, Op. 11, No. 11",SCRIABIN: Vers la flamme
3452,"Pavan, Lachrimae Antiquae",Armada: Music from the Courts of England and Spain
3453,"Symphony No. 41 in C Major, K. 551, ""Jupiter"": IV. Molto allegro",Mozart: Symphonies Nos. 40 & 41
3454,Rehab,Back to Black
3455,You Know I'm No Good,Back to Black
3456,Me & Mr. Jones,Back to Black
3457,Just Friends,Back to Black
3458,Back to Black,Back to Black
3459,Love Is a Losing Game,Back to Black
3460,Tears Dry On Their Own,Back to Black
3461,Wake Up Alone,Back to Black
3462,Some Unholy War,Back to Black
3463,He Can Only Hold Her,Back to Black
3464,You Know I'm No Good (feat. Ghostface Killah),Back to Black
3465,Rehab (Hot Chip Remix),Back to Black
3466,Intro / Stronger Than Me,Frank
3467,You Sent Me Flying / Cherry,Frank
3468,F**k Me Pumps,Frank
3469,I Heard Love Is Blind,Frank
3470,(There Is) No Greater Love (Teo Licks),Frank
3471,In My Bed,Frank
3472,Take the Box,Frank
3473,October Song,Frank
3474,What Is It About Men,Frank
3475,Help Yourself,Frank
3476,Amy Amy Amy (Outro),Frank
3477,Slowness,Carried to Dust (Bonus Track Version)
3478,"Prometheus Overture, Op. 43",Beethoven: Symphony No. 6 'Pastoral' Etc.
3479,Sonata for Solo Violin: IV: Presto,Bartok: Violin & Viola Concertos
3480,"A Midsummer Night's Dream, Op.61 Incidental Music: No.7 Notturno",Mendelssohn: A Midsummer Night's Dream
3481,"Suite No. 3 in D, BWV 1068: III. Gavotte I & II",Bach: Orchestral Suites Nos. 1 - 4
3482,"Concert pour 4 Parties de V**les, H. 545: I. Prelude","Charpentier: Divertissements, Airs & Concerts"
3483,Adios nonino,South American Getaway
3484,"Symphony No. 3 Op. 36 for Orchestra and Soprano ""Symfonia Piesni Zalosnych"" \ Lento E Largo - Tranquillissimo",Górecki: Symphony No. 3
3485,"Act IV, Symphony",Purcell: The Fairy Queen
3486,"3 Gymnopédies: No.1 - Lent Et Grave, No.3 - Lent Et Douloureux",The Ultimate Relexation Album
3487,"Music for the Funeral of Queen Mary: VI. ""Thou Knowest, Lord, the Secrets of Our Hearts""",Purcell: Music for the Queen Mary
3488,Symphony No. 2: III. Allegro vivace,Weill: The Seven Deadly Sins
3489,"Partita in E Major, BWV 1006A: I. Prelude","J.S. Bach: Chaconne, Suite in E Minor, Partita in E Major & Prelude, Fugue and Allegro"
3490,Le Sacre Du Printemps: I.iv. Spring Rounds,Prokofiev: Symphony No.5 & Stravinksy: Le Sacre Du Printemps
3491,Sing Joyfully,English Renaissance
3492,"Metopes, Op. 29: Calypso","Szymanowski: Piano Works, Vol. 1"
3493,"Symphony No. 2, Op. 16 -  ""The Four Temperaments"": II. Allegro Comodo e Flemmatico",Nielsen: The Six Symphonies
3494,"24 Caprices, Op. 1, No. 24, for Solo Violin, in A Minor",Great Recordings of the Century: Paganini's 24 Caprices
3495,"Étude 1, In C Major - Preludio (Presto) - Liszt",Liszt - 12 Études D'Execution Transcendante
3496,"Erlkonig, D.328","Great Recordings of the Century - Shubert: Schwanengesang, 4 Lieder"
3497,"Concerto for Violin, Strings and Continuo in G Major, Op. 3, No. 9: I. Allegro","Locatelli: Concertos for Violin, Strings and Continuo, Vol. 3"
3498,Pini Di Roma (Pinien Von Rom) \ I Pini Della Via Appia,Respighi:Pines of Rome
3499,"String Quartet No. 12 in C Minor, D. 703 ""Quartettsatz"": II. Andante - Allegro assai",Schubert: The Late String Quartets & String Quintet (3 CD's)
3500,"L'orfeo, Act 3, Sinfonia (Orchestra)",Monteverdi: L'Orfeo
3501,"Quintet for Horn, Violin, 2 Violas, and Cello in E Flat Major, K. 407/386c: III. Allegro",Mozart: Chamber Music
3502,Koyaanisqatsi,Koyaanisqatsi (Soundtrack from the Motion Picture)
